Concurso;Data Sorteio;Bola1;Bola2;Bola3;Bola4;Bola5;Bola6;Bola7;Bola8;Bola9;Bola10;Bola11;Bola12;Bola13;Bola14;Bola15
1;2003-09-29;2;3;5;6;9;10;11;13;14;16;18;20;23;24;25
2;2003-10-06;1;4;5;6;7;9;11;12;13;15;16;19;20;23;24
3;2003-10-13;1;4;6;7;8;9;10;11;12;14;16;17;20;23;24
4;2003-10-20;1;2;4;5;8;10;12;13;16;17;18;19;23;24;25
5;2003-10-27;1;2;4;8;9;11;12;13;15;16;19;20;23;24;25
6;2003-11-03;1;2;4;5;6;7;10;12;15;16;17;19;21;23;25
7;2003-11-10;1;4;7;8;10;12;14;15;16;18;19;21;22;23;25
8;2003-11-17;1;5;6;8;9;10;13;15;16;17;18;19;20;22;25
9;2003-11-24;3;4;5;9;10;11;13;15;16;17;19;20;21;24;25
10;2003-12-01;2;3;4;5;6;8;9;10;11;12;14;19;20;23;24
11;2003-12-08;2;6;7;8;9;10;11;12;16;19;20;22;23;24;25
12;2003-12-15;1;2;4;5;7;8;9;10;11;12;14;16;17;24;25
13;2003-12-22;3;5;6;7;8;9;10;11;13;14;15;16;17;19;23
14;2003-12-29;1;2;5;6;7;9;13;14;15;18;19;20;21;23;25
15;2004-01-05;1;2;4;6;8;10;12;15;16;18;19;21;23;24;25
16;2004-01-12;2;5;6;7;8;10;12;13;15;17;19;21;23;24;25
17;2004-01-19;1;2;3;5;6;7;9;13;14;16;17;18;19;20;21
18;2004-01-26;2;6;7;8;10;11;14;15;17;18;19;20;22;23;24
19;2004-02-02;2;5;6;7;8;10;11;13;14;15;16;17;20;23;24
20;2004-02-09;3;4;6;7;8;9;10;14;16;17;18;19;20;23;24
21;2004-02-16;1;2;4;5;8;11;14;16;18;19;20;22;23;24;25
22;2004-02-25;1;2;3;4;5;6;7;9;10;12;13;14;15;22;25
23;2004-03-01;1;3;4;5;6;8;10;11;12;14;16;17;18;19;20
24;2004-03-08;1;2;3;5;7;10;11;14;17;19;20;21;23;24;25
25;2004-03-15;1;2;3;4;5;6;7;9;13;14;16;20;22;23;24
26;2004-03-22;5;7;8;9;10;11;13;14;16;17;19;20;21;22;23
27;2004-03-29;3;6;8;10;11;12;13;14;15;18;20;21;22;24;25
28;2004-04-05;1;3;7;9;10;11;12;13;14;16;17;18;19;20;21
29;2004-04-12;1;4;5;6;8;9;13;14;16;17;19;20;21;22;24
30;2004-04-19;1;2;3;4;6;7;8;11;14;17;19;20;21;22;23
31;2004-04-26;1;2;3;4;9;13;14;15;17;19;20;21;22;24;25
32;2004-05-03;1;2;4;6;7;9;10;11;14;15;16;17;20;22;23
33;2004-05-10;1;2;5;7;8;10;11;12;14;16;19;20;21;23;24
34;2004-05-17;1;2;4;7;8;9;10;11;15;16;18;19;20;21;23
35;2004-05-24;1;4;5;6;11;12;13;14;16;17;19;21;22;23;25
36;2004-05-31;1;4;5;7;8;10;11;14;17;19;20;21;22;23;24
37;2004-06-07;1;3;4;5;8;9;10;11;13;15;20;21;22;23;24
38;2004-06-14;1;2;3;6;7;8;9;10;13;14;15;16;22;24;25
39;2004-06-21;2;7;8;9;11;13;14;15;17;18;19;21;22;23;24
40;2004-06-28;1;2;5;7;8;10;12;13;14;16;17;20;21;22;24
41;2004-07-05;2;3;4;9;12;13;15;16;17;18;19;20;21;23;25
42;2004-07-12;1;3;4;5;6;8;11;12;14;15;17;21;22;24;25
43;2004-07-19;1;3;6;7;8;9;10;14;17;18;19;20;22;23;24
44;2004-07-26;3;4;5;6;10;11;12;13;14;18;19;21;23;24;25
45;2004-08-02;1;2;3;5;7;9;14;16;17;18;19;21;23;24;25
46;2004-08-09;1;2;4;5;6;8;10;11;14;18;19;21;23;24;25
47;2004-08-16;1;2;3;4;5;6;8;10;11;13;15;18;20;22;25
48;2004-08-23;2;5;6;7;11;13;15;16;17;18;19;20;21;22;23
49;2004-08-30;2;4;5;6;8;11;13;15;16;19;20;21;22;23;24
50;2004-09-06;1;2;3;6;7;9;10;11;12;13;19;20;21;23;25
51;2004-09-13;1;3;5;6;7;8;11;13;14;16;17;20;21;22;23
52;2004-09-20;1;2;4;8;9;11;12;13;15;16;21;22;23;24;25
53;2004-09-27;1;2;3;6;7;9;11;12;14;17;18;19;20;23;24
54;2004-10-04;2;4;5;6;7;8;9;12;14;16;18;20;21;22;24
55;2004-10-11;2;3;4;5;6;7;8;9;12;13;15;16;18;19;25
56;2004-10-18;1;2;5;9;12;13;14;15;16;17;19;20;22;23;24
57;2004-10-25;1;2;3;4;6;7;8;11;12;17;19;20;21;22;25
58;2004-11-01;3;4;5;6;11;12;13;14;15;16;17;18;19;20;22
59;2004-11-08;1;3;5;6;7;8;10;11;13;14;15;19;20;23;25
60;2004-11-16;1;2;3;4;5;8;11;16;17;18;19;22;23;24;25
61;2004-11-22;1;4;5;9;11;12;13;14;15;16;19;20;22;23;25
62;2004-11-29;1;3;7;8;9;11;13;14;15;16;17;18;20;24;25
63;2004-12-06;4;8;9;10;11;12;13;16;17;19;20;21;22;24;25
64;2004-12-13;1;2;3;6;7;8;9;10;13;14;17;18;20;23;25
65;2004-12-20;1;2;4;7;10;15;16;17;18;19;20;21;22;23;25
66;2004-12-27;1;2;4;8;10;11;14;15;16;17;20;21;22;23;24
67;2005-01-03;5;7;8;9;10;11;12;13;15;16;20;21;22;23;24
68;2005-01-10;1;2;3;5;6;7;8;9;10;12;16;17;22;23;25
69;2005-01-17;1;4;7;8;9;10;11;15;17;18;19;20;21;23;24
70;2005-01-24;1;2;3;5;6;9;10;12;14;15;16;19;20;24;25
71;2005-01-31;1;3;5;6;8;9;11;13;14;15;16;18;21;22;23
72;2005-02-09;1;2;5;7;8;11;12;13;15;16;17;18;23;24;25
73;2005-02-14;1;2;5;7;10;11;13;14;15;16;17;18;19;21;25
74;2005-02-21;1;2;3;4;5;6;8;11;13;15;16;18;22;23;25
75;2005-02-28;1;3;4;5;6;7;8;10;11;13;15;16;17;20;25
76;2005-03-07;1;3;5;8;9;10;12;13;15;16;17;19;21;23;25
77;2005-03-14;2;3;4;6;8;9;11;14;17;18;20;21;22;24;25
78;2005-03-21;1;2;3;5;6;7;8;12;13;15;16;17;18;20;23
79;2005-03-28;1;2;3;5;9;12;14;15;17;18;20;22;23;24;25
80;2005-04-04;1;2;3;4;5;7;9;10;14;15;17;18;20;22;25
81;2005-04-11;1;2;3;4;5;6;7;10;11;13;15;16;17;19;21
82;2005-04-18;1;4;5;6;8;9;12;13;15;17;18;19;20;22;23
83;2005-04-25;1;2;3;5;6;8;10;11;12;13;14;20;23;24;25
84;2005-05-02;1;2;4;6;8;12;15;16;17;19;20;22;23;24;25
85;2005-05-09;1;2;5;7;8;9;11;13;14;15;16;18;21;22;23
86;2005-05-16;2;4;5;6;8;9;12;13;14;17;18;19;23;24;25
87;2005-05-23;1;2;3;5;8;9;10;11;13;15;18;20;22;24;25
88;2005-05-30;1;2;4;5;8;9;10;11;12;14;17;18;19;24;25
89;2005-06-06;1;6;11;12;13;15;16;17;19;20;21;22;23;24;25
90;2005-06-13;1;2;3;8;10;11;12;15;17;20;21;22;23;24;25
91;2005-06-20;1;4;9;10;11;12;13;14;15;16;17;20;22;23;25
92;2005-06-27;1;2;4;6;8;12;13;14;15;17;18;19;21;22;24
93;2005-07-04;2;4;5;6;7;9;10;13;17;18;19;20;21;23;24
94;2005-07-11;2;4;8;9;11;12;13;15;16;17;18;21;22;23;24
95;2005-07-18;1;2;3;4;5;10;11;12;14;15;17;18;19;20;22
96;2005-07-25;3;4;6;9;10;12;14;16;17;18;19;21;22;23;24
97;2005-08-02;3;4;6;10;12;13;14;15;17;19;20;22;23;24;25
98;2005-08-08;1;2;5;6;8;10;11;15;17;18;20;22;23;24;25
99;2005-08-15;1;2;3;4;7;10;11;13;14;16;17;20;21;24;25
100;2005-08-22;1;3;4;8;9;10;11;12;13;14;16;17;22;23;25
101;2005-08-29;1;3;6;7;9;10;13;14;16;17;19;20;21;23;24
102;2005-09-05;1;2;3;4;7;9;10;11;12;18;19;21;22;23;25
103;2005-09-12;1;2;3;4;5;7;8;10;11;16;17;18;22;23;25
104;2005-09-19;5;6;7;10;11;13;14;15;16;18;19;21;22;24;25
105;2005-09-26;4;6;7;8;9;10;11;12;13;15;17;19;21;22;25
106;2005-10-03;1;2;3;4;5;6;10;12;13;14;15;17;22;23;25
107;2005-10-10;1;3;4;6;7;8;9;11;12;15;17;18;21;24;25
108;2005-10-17;1;2;4;7;8;9;11;12;14;15;16;18;22;23;25
109;2005-10-24;1;3;5;7;9;11;12;13;16;18;20;21;23;24;25
110;2005-10-31;1;3;4;5;6;12;13;14;17;19;20;21;22;23;25
111;2005-11-07;1;5;6;10;11;12;13;15;17;18;19;21;22;24;25
112;2005-11-14;1;2;3;4;6;10;11;14;15;17;18;19;20;21;23
113;2005-11-21;1;2;4;5;6;8;11;12;13;14;19;20;21;24;25
114;2005-11-28;1;2;3;6;7;8;9;10;11;14;20;21;22;24;25
115;2005-12-05;1;4;5;6;7;9;11;12;13;16;17;18;20;21;25
116;2005-12-12;1;2;9;10;11;12;13;14;16;18;19;20;21;23;25
117;2005-12-19;5;6;7;9;10;11;12;13;14;15;17;18;20;23;25
118;2005-12-27;2;4;5;6;8;12;13;14;15;18;19;21;22;23;24
119;2006-01-02;1;4;6;8;9;10;11;15;17;18;20;21;22;23;24
120;2006-01-09;1;3;5;7;8;11;12;13;15;16;18;19;20;21;24
121;2006-01-16;1;2;4;5;7;9;10;11;12;16;17;18;23;24;25
122;2006-01-23;1;2;4;5;8;9;10;13;15;17;18;20;22;23;25
123;2006-01-30;4;5;6;7;11;12;13;17;18;19;20;21;22;23;24
124;2006-02-06;2;3;4;6;7;9;14;15;16;18;19;20;21;24;25
125;2006-02-13;2;3;4;6;7;9;10;11;12;15;16;21;22;24;25
126;2006-02-20;1;2;3;4;6;7;8;13;14;16;18;21;22;24;25
127;2006-03-01;1;2;3;4;5;7;10;11;12;13;18;19;22;23;25
128;2006-03-06;2;3;4;6;11;13;14;15;16;17;19;20;21;23;25
129;2006-03-13;2;5;6;7;9;11;13;15;18;19;20;21;22;23;25
130;2006-03-20;2;3;4;5;6;9;10;12;13;15;17;19;23;24;25
131;2006-03-27;2;4;5;6;7;8;11;12;13;15;19;20;22;23;25
132;2006-04-03;1;3;4;5;7;9;10;11;14;15;16;17;22;23;25
133;2006-04-10;1;3;4;5;8;9;11;13;15;18;19;20;21;22;23
134;2006-04-17;1;3;5;7;8;10;11;12;13;14;16;17;19;22;25
135;2006-04-24;1;2;5;7;8;10;13;14;15;18;19;20;21;22;25
136;2006-05-02;1;2;3;5;6;9;12;13;14;15;17;21;22;23;24
137;2006-05-08;2;6;8;9;10;11;12;13;16;17;18;19;20;21;25
138;2006-05-15;2;3;4;5;7;8;11;13;15;16;17;21;22;24;25
139;2006-05-22;1;2;7;9;12;14;15;16;17;18;19;21;22;23;24
140;2006-05-29;1;2;3;6;9;10;12;13;15;18;19;20;22;24;25
141;2006-06-05;1;3;7;8;9;10;12;13;16;17;18;19;20;24;25
142;2006-06-12;1;2;4;5;6;7;9;15;16;17;18;19;22;23;24
143;2006-06-19;1;2;8;9;11;13;15;16;17;19;21;22;23;24;25
144;2006-06-26;1;2;4;7;9;11;12;14;17;19;20;21;22;24;25
145;2006-07-03;1;2;3;9;10;11;13;14;15;17;18;20;22;24;25
146;2006-07-10;1;2;5;8;10;11;12;13;14;16;17;22;23;24;25
147;2006-07-17;1;2;4;5;6;10;11;12;13;16;19;21;22;23;25
148;2006-07-24;1;2;4;5;8;9;12;13;16;17;20;21;22;24;25
149;2006-08-01;2;5;7;9;10;13;15;16;17;18;19;20;23;24;25
150;2006-08-07;1;3;5;6;7;8;9;11;14;19;21;22;23;24;25
151;2006-08-14;3;4;5;7;9;10;11;12;13;14;16;18;20;23;24
152;2006-08-21;3;4;5;6;7;8;13;15;17;19;20;22;23;24;25
153;2006-08-28;1;2;4;5;8;11;12;13;17;18;20;21;23;24;25
154;2006-09-04;1;2;3;5;6;9;10;11;13;14;15;16;18;23;24
155;2006-09-11;2;4;5;8;10;11;14;15;16;18;19;20;21;22;24
156;2006-09-18;1;3;4;8;9;10;11;12;13;14;15;19;20;22;23
157;2006-09-25;1;2;4;6;7;9;10;12;14;16;18;19;21;24;25
158;2006-10-02;2;7;8;9;10;11;12;15;16;17;18;19;20;22;23
159;2006-10-09;1;2;3;4;5;6;8;10;11;14;15;17;20;24;25
160;2006-10-16;1;3;4;9;10;11;12;14;15;16;17;19;20;21;24
161;2006-10-19;1;5;8;11;13;15;16;17;18;20;21;22;23;24;25
162;2006-10-23;1;2;3;4;5;6;8;11;12;13;16;18;20;23;24
163;2006-10-26;1;2;3;5;6;7;9;13;14;15;20;21;23;24;25
164;2006-10-30;1;2;3;5;6;8;10;11;14;15;18;21;22;23;24
165;2006-11-03;1;2;4;6;8;9;12;13;14;15;17;18;19;22;25
166;2006-11-06;2;3;4;8;9;10;13;14;15;18;19;20;21;22;23
167;2006-11-09;1;2;3;6;8;9;10;13;14;16;18;19;22;23;24
168;2006-11-13;1;2;3;4;7;10;12;15;16;17;19;20;22;23;24
169;2006-11-16;1;4;5;6;7;8;9;10;11;12;15;16;20;21;24
170;2006-11-21;1;3;4;5;6;7;8;10;13;16;18;20;22;23;25
171;2006-11-23;1;3;4;10;11;12;13;15;16;17;21;22;23;24;25
172;2006-11-27;1;2;4;6;7;9;10;11;12;13;18;20;21;22;25
173;2006-11-30;2;3;4;5;7;8;11;15;19;20;21;22;23;24;25
174;2006-12-04;1;2;4;7;9;10;11;12;13;15;17;20;23;24;25
175;2006-12-07;2;3;5;6;7;11;12;13;14;15;16;18;19;21;24
176;2006-12-11;2;4;10;11;12;13;15;16;17;18;21;22;23;24;25
177;2006-12-14;2;6;7;8;10;11;13;15;16;17;19;20;21;23;24
178;2006-12-18;2;3;4;6;8;9;10;14;16;19;20;21;23;24;25
179;2006-12-21;2;3;4;5;7;9;13;14;15;17;19;22;23;24;25
180;2006-12-26;1;2;3;4;5;6;7;8;10;11;15;17;20;24;25
181;2006-12-28;1;4;5;6;7;8;14;15;16;17;19;20;21;22;23
182;2007-01-02;2;3;4;7;8;9;11;13;14;17;19;21;22;23;25
183;2007-01-04;2;4;6;7;8;11;13;14;16;19;20;21;23;24;25
184;2007-01-08;1;3;7;8;9;10;11;15;16;17;18;19;21;23;25
185;2007-01-11;1;2;4;6;7;8;9;11;12;15;17;19;20;23;25
186;2007-01-15;2;4;5;6;11;12;13;16;17;18;19;22;23;24;25
187;2007-01-18;1;3;11;12;13;15;16;17;18;19;21;22;23;24;25
188;2007-01-22;2;3;5;8;10;11;13;16;19;20;21;22;23;24;25
189;2007-01-25;1;2;4;5;6;7;9;13;16;18;19;20;22;23;24
190;2007-01-29;1;3;4;5;7;8;11;13;14;15;16;18;19;23;24
191;2007-02-01;2;5;8;9;10;12;13;15;17;18;19;20;21;22;23
192;2007-02-05;1;2;3;4;5;6;11;13;14;15;16;21;22;23;24
193;2007-02-08;1;2;3;4;5;8;9;10;14;15;16;19;20;21;25
194;2007-02-12;2;7;8;9;10;12;13;14;15;17;18;21;22;23;25
195;2007-02-15;2;3;4;6;7;8;9;11;12;14;17;18;19;22;23
196;2007-02-22;2;3;4;5;10;14;15;16;17;19;20;22;23;24;25
197;2007-02-26;3;4;5;6;7;8;9;10;12;13;18;20;21;22;23
198;2007-03-01;1;2;4;5;6;7;13;14;15;16;17;18;20;21;25
199;2007-03-05;1;2;3;4;5;6;9;11;12;15;19;20;21;22;23
200;2007-03-08;1;2;4;5;8;9;11;12;13;14;15;16;21;23;24
201;2007-03-12;1;2;4;5;8;9;10;11;12;13;14;15;19;20;22
202;2007-03-15;1;3;5;10;11;13;14;16;17;18;19;21;22;23;24
203;2007-03-19;1;2;3;4;5;6;7;12;13;14;17;18;23;24;25
204;2007-03-22;2;3;4;5;7;8;11;14;15;16;17;22;23;24;25
205;2007-03-26;2;3;4;9;10;11;12;14;15;16;17;18;21;22;25
206;2007-03-29;2;3;5;8;9;11;12;13;14;15;16;17;20;21;22
207;2007-04-02;1;2;3;4;6;9;10;12;13;14;15;17;19;20;22
208;2007-04-05;1;3;4;6;7;9;10;11;12;14;15;16;19;23;24
209;2007-04-09;1;3;5;6;7;9;10;14;15;18;19;21;22;24;25
210;2007-04-12;3;5;7;9;10;11;13;14;15;16;18;21;22;23;24
211;2007-04-16;1;2;4;6;8;10;11;12;14;16;17;18;22;24;25
212;2007-04-19;1;3;4;6;8;9;10;11;12;14;16;19;20;22;23
213;2007-04-23;1;3;4;5;8;9;10;11;16;18;19;21;23;24;25
214;2007-04-26;1;2;3;4;9;11;13;14;15;18;19;20;22;24;25
215;2007-04-30;1;3;4;5;7;9;11;12;14;15;17;18;19;23;25
216;2007-05-03;2;3;4;5;6;7;9;10;11;13;17;19;21;24;25
217;2007-05-07;2;3;4;5;6;7;9;10;11;12;16;17;19;21;25
218;2007-05-10;2;5;7;8;11;12;13;14;15;16;17;20;21;22;25
219;2007-05-14;2;3;6;8;9;11;14;16;17;18;19;22;23;24;25
220;2007-05-17;5;9;10;12;13;14;15;16;17;18;20;21;23;24;25
221;2007-05-21;1;2;3;6;7;8;10;12;16;17;19;20;21;23;25
222;2007-05-24;1;3;4;5;6;7;8;9;12;15;18;21;22;23;24
223;2007-05-28;2;4;7;9;10;11;12;13;14;16;20;21;22;23;24
224;2007-05-31;4;6;8;9;10;11;12;13;15;18;19;20;21;23;24
225;2007-06-04;1;2;3;5;7;8;13;14;15;18;19;20;22;23;25
226;2007-06-08;4;5;8;10;11;13;14;15;16;17;18;19;20;21;25
227;2007-06-11;1;5;7;8;9;10;12;14;15;17;18;19;20;21;22
228;2007-06-14;2;4;10;11;12;13;14;15;16;17;18;19;20;24;25
229;2007-06-18;2;6;8;9;10;11;12;13;14;15;16;17;20;23;25
230;2007-06-21;1;2;3;4;5;6;8;10;11;13;14;15;17;22;24
231;2007-06-25;1;2;5;6;7;10;12;15;16;17;18;19;21;24;25
232;2007-06-28;4;5;6;9;11;12;13;14;16;17;18;21;23;24;25
233;2007-07-02;1;2;3;4;5;6;7;8;9;12;13;14;17;19;21
234;2007-07-05;1;2;3;4;5;9;11;12;13;14;15;17;21;22;24
235;2007-07-09;1;8;10;12;13;14;15;16;17;18;19;21;23;24;25
236;2007-07-12;1;3;4;5;7;8;9;12;13;15;16;21;22;23;25
237;2007-07-16;4;5;6;7;9;12;13;15;16;18;19;20;21;22;23
238;2007-07-19;1;3;4;6;11;12;13;14;15;17;19;20;21;23;24
239;2007-07-23;1;3;5;6;7;9;10;13;14;15;16;19;22;23;25
240;2007-07-26;1;2;4;9;10;11;13;14;15;16;18;19;21;22;23
241;2007-07-30;3;4;5;8;9;12;13;14;15;17;20;21;23;24;25
242;2007-08-02;2;5;6;8;9;13;14;15;16;17;18;19;21;22;23
243;2007-08-06;1;2;3;4;5;7;12;13;16;17;18;20;21;23;25
244;2007-08-09;3;5;6;7;9;10;11;12;14;15;18;20;21;22;24
245;2007-08-13;1;2;6;7;9;10;11;12;14;15;16;18;19;24;25
246;2007-08-16;1;4;5;7;8;9;10;12;13;15;17;18;21;24;25
247;2007-08-20;1;2;3;4;7;8;9;14;15;16;17;19;22;23;25
248;2007-08-23;1;2;5;8;9;10;11;12;13;15;16;19;20;21;25
249;2007-08-27;4;5;7;8;9;10;12;14;15;17;18;21;22;23;25
250;2007-08-30;1;2;3;5;9;10;12;13;15;16;17;18;19;21;23
251;2007-09-03;3;4;5;6;9;10;13;15;16;18;19;21;22;23;25
252;2007-09-06;2;3;4;6;8;11;14;15;17;18;19;22;23;24;25
253;2007-09-10;1;4;5;6;7;8;11;12;13;15;18;19;21;22;23
254;2007-09-13;2;3;4;5;6;7;8;9;11;13;14;15;16;20;23
255;2007-09-17;1;2;3;4;6;9;10;14;15;16;17;21;22;23;24
256;2007-09-20;1;2;6;7;8;9;10;12;13;15;16;18;20;22;24
257;2007-09-24;1;3;6;7;9;10;12;13;14;16;17;18;19;22;24
258;2007-09-27;2;4;5;6;9;12;13;14;17;19;20;21;22;24;25
259;2007-10-01;3;5;6;7;8;9;10;15;18;19;20;21;22;24;25
260;2007-10-04;1;3;4;5;6;7;8;9;11;13;14;18;19;20;24
261;2007-10-08;1;2;4;5;6;7;11;13;15;16;17;19;20;21;25
262;2007-10-11;3;4;6;7;8;9;12;13;14;15;17;20;21;23;24
263;2007-10-15;1;4;7;8;9;10;11;14;15;16;18;19;21;23;24
264;2007-10-18;1;3;4;6;8;9;12;13;16;19;20;21;22;23;25
265;2007-10-22;1;5;7;8;11;12;13;15;16;17;18;19;20;22;24
266;2007-10-25;1;3;4;5;6;7;9;11;14;15;18;19;21;22;24
267;2007-10-29;2;3;4;5;6;9;11;12;13;14;15;17;21;23;24
268;2007-11-01;5;6;7;8;9;10;12;14;15;16;18;19;20;23;25
269;2007-11-05;1;2;4;6;10;13;14;15;16;17;18;19;22;23;24
270;2007-11-08;1;3;4;5;6;7;8;9;14;16;18;19;23;24;25
271;2007-11-12;1;2;4;5;6;8;11;12;16;18;19;20;21;24;25
272;2007-11-16;1;2;4;5;8;9;11;12;13;15;17;20;23;24;25
273;2007-11-19;1;5;6;7;10;12;15;16;17;18;19;20;21;24;25
274;2007-11-22;2;4;5;6;7;10;11;12;14;15;17;20;21;23;25
275;2007-11-26;1;3;5;6;8;9;10;11;12;14;15;17;18;20;22
276;2007-11-29;2;3;4;5;7;10;11;12;13;17;18;19;20;22;25
277;2007-12-03;2;4;9;10;11;12;13;14;16;17;21;22;23;24;25
278;2007-12-06;1;2;3;5;6;9;11;12;13;15;17;19;21;23;25
279;2007-12-10;1;2;3;5;6;9;10;11;12;13;17;18;19;22;23
280;2007-12-13;3;4;5;6;9;10;11;13;15;16;17;19;20;24;25
281;2007-12-17;1;2;3;4;8;9;10;11;12;14;15;17;19;23;25
282;2007-12-20;2;3;4;7;8;11;12;13;15;16;19;20;21;22;25
283;2007-12-22;1;2;4;6;8;9;10;11;12;13;19;20;22;23;24
284;2007-12-27;1;3;5;6;7;11;12;13;15;17;19;21;22;23;25
285;2007-12-29;1;4;5;8;9;10;11;12;13;14;15;16;19;22;23
286;2008-01-03;1;2;3;4;7;9;10;11;12;13;19;21;23;24;25
287;2008-01-07;2;5;6;7;10;12;13;15;16;17;18;21;22;23;25
288;2008-01-10;1;2;3;4;6;9;10;12;13;14;15;18;19;24;25
289;2008-01-14;1;2;3;4;6;8;9;10;12;14;15;17;19;22;24
290;2008-01-17;1;2;5;6;7;9;11;12;13;14;17;20;21;22;23
291;2008-01-21;1;2;5;7;8;10;11;12;13;14;15;17;20;23;24
292;2008-01-24;2;3;5;7;8;9;11;12;13;16;17;21;22;24;25
293;2008-01-28;1;2;3;6;9;12;13;14;15;18;19;22;23;24;25
294;2008-01-31;1;2;3;4;5;7;8;11;12;15;16;20;23;24;25
295;2008-02-07;2;3;4;6;10;13;15;16;17;18;19;21;23;24;25
296;2008-02-11;2;3;6;7;8;11;12;14;15;16;17;18;19;22;25
297;2008-02-14;1;4;7;8;9;10;12;14;15;16;21;22;23;24;25
298;2008-02-18;1;3;4;6;7;8;11;12;13;14;15;16;21;22;24
299;2008-02-21;3;5;6;7;8;10;13;17;18;19;20;21;22;23;24
300;2008-02-25;3;4;7;8;9;11;12;15;17;19;20;21;22;23;25
301;2008-02-28;2;3;8;9;11;12;13;14;15;17;18;19;20;22;23
302;2008-03-03;2;4;5;6;9;10;11;12;14;15;16;18;20;22;25
303;2008-03-06;2;3;4;6;8;12;15;16;17;18;20;21;22;23;24
304;2008-03-10;1;3;4;5;12;14;15;16;17;18;19;20;21;22;25
305;2008-03-13;2;3;4;5;8;10;11;12;13;18;20;21;22;24;25
306;2008-03-17;1;2;4;5;8;11;12;13;14;15;16;18;19;20;25
307;2008-03-20;1;3;4;6;9;10;12;14;15;17;19;20;21;23;24
308;2008-03-24;1;2;4;5;12;13;15;16;18;19;21;22;23;24;25
309;2008-03-27;1;2;3;4;8;9;10;13;14;16;17;20;21;22;24
310;2008-03-31;2;3;5;9;10;11;14;15;16;17;18;19;21;23;24
311;2008-04-03;2;4;5;7;10;12;14;15;16;17;19;20;23;24;25
312;2008-04-07;1;2;6;8;9;10;11;12;13;16;17;18;19;22;25
313;2008-04-10;2;3;6;7;9;10;12;14;15;16;17;18;19;23;25
314;2008-04-14;1;2;5;6;8;9;11;12;13;14;15;19;20;21;22
315;2008-04-17;2;3;5;6;8;11;13;14;16;17;19;20;21;23;24
316;2008-04-22;1;3;4;6;7;8;10;12;13;14;15;18;19;23;24
317;2008-04-24;1;2;4;5;8;9;11;14;16;18;19;21;22;24;25
318;2008-04-28;3;4;5;6;9;11;12;13;14;15;16;18;21;23;25
319;2008-05-02;1;3;4;6;8;9;10;12;14;16;17;19;20;23;24
320;2008-05-05;1;3;6;9;11;12;14;15;17;18;19;21;22;23;25
321;2008-05-08;2;3;4;9;10;11;12;13;14;16;17;18;20;24;25
322;2008-05-12;1;2;3;5;7;12;13;15;16;17;18;20;21;23;24
323;2008-05-15;1;2;3;4;6;7;9;10;14;17;19;20;21;23;25
324;2008-05-19;1;2;3;4;6;7;8;9;10;12;16;20;21;23;24
325;2008-05-23;1;2;4;5;6;7;10;14;15;19;20;22;23;24;25
326;2008-05-26;1;2;4;6;7;8;10;11;12;13;15;17;18;24;25
327;2008-05-29;1;2;3;4;8;12;13;14;15;16;17;18;19;21;23
328;2008-06-02;2;3;4;5;11;12;13;15;18;19;21;22;23;24;25
329;2008-06-05;1;2;3;4;8;9;13;14;17;18;20;21;23;24;25
330;2008-06-09;1;2;5;6;9;12;14;15;17;18;19;22;23;24;25
331;2008-06-12;1;3;5;6;7;12;13;15;16;18;19;21;22;23;25
332;2008-06-16;2;3;5;6;7;10;11;12;14;19;20;21;23;24;25
333;2008-06-19;1;2;5;6;9;11;12;13;14;15;16;18;21;23;25
334;2008-06-23;1;2;6;7;8;11;13;15;16;17;18;21;22;23;25
335;2008-06-26;1;3;4;6;7;8;9;11;12;14;16;17;19;20;21
336;2008-06-30;1;2;3;5;6;8;10;11;14;15;16;17;19;22;25
337;2008-07-03;1;3;4;5;7;8;9;10;11;12;16;18;19;22;23
338;2008-07-07;3;4;5;6;7;9;12;14;15;16;17;19;20;21;25
339;2008-07-10;1;2;5;8;10;13;15;16;18;19;20;21;22;23;24
340;2008-07-14;2;3;4;5;6;8;9;10;11;14;19;20;21;22;25
341;2008-07-17;1;5;7;9;11;12;13;16;18;19;20;21;22;24;25
342;2008-07-21;1;3;4;8;11;12;13;15;16;19;20;21;22;23;25
343;2008-07-24;3;5;6;8;11;12;13;14;15;16;18;19;20;22;25
344;2008-07-28;3;4;5;6;9;10;11;12;13;15;16;20;21;24;25
345;2008-07-31;2;7;9;11;12;14;15;16;18;19;20;21;23;24;25
346;2008-08-04;1;2;3;5;6;8;10;12;14;15;17;18;21;23;24
347;2008-08-07;3;5;7;8;9;10;11;12;14;15;18;19;20;24;25
348;2008-08-11;1;2;5;7;8;12;14;17;18;19;20;21;22;24;25
349;2008-08-14;1;2;5;7;8;12;14;16;17;18;19;20;22;24;25
350;2008-08-18;1;2;3;4;6;7;8;9;12;13;14;15;22;23;25
351;2008-08-21;1;2;3;5;7;10;11;12;14;16;17;18;19;23;24
352;2008-08-25;1;2;3;4;6;9;12;13;15;17;18;19;20;22;24
353;2008-08-28;2;3;7;8;9;11;12;13;17;18;19;20;21;22;23
354;2008-09-01;1;2;4;7;8;9;10;12;16;17;18;19;21;22;23
355;2008-09-04;2;4;6;7;8;9;10;11;12;13;15;18;19;23;25
356;2008-09-08;2;4;5;9;10;11;13;14;15;16;19;20;22;24;25
357;2008-09-11;1;2;5;6;8;9;10;11;13;14;17;19;21;23;25
358;2008-09-15;2;4;6;9;10;11;12;14;15;16;17;18;23;24;25
359;2008-09-18;4;7;8;10;11;12;13;16;17;18;19;21;22;24;25
360;2008-09-22;1;2;3;4;5;7;8;9;11;17;18;19;20;23;24
361;2008-09-25;1;4;7;9;10;12;13;14;15;16;17;19;20;23;24
362;2008-09-29;1;2;3;4;5;6;7;10;12;13;17;18;22;23;24
363;2008-10-02;2;3;4;6;8;9;11;13;15;16;17;20;21;22;23
364;2008-10-06;2;3;4;6;7;9;11;12;13;15;19;20;21;22;24
365;2008-10-09;3;4;5;8;10;11;12;15;16;18;19;20;23;24;25
366;2008-10-13;3;5;6;8;9;11;13;15;17;18;20;21;22;23;25
367;2008-10-16;1;2;4;7;8;9;12;13;15;17;18;20;21;22;24
368;2008-10-20;2;3;4;5;6;11;13;14;15;17;19;20;21;22;24
369;2008-10-23;1;3;5;6;7;9;11;12;14;15;20;21;22;23;24
370;2008-10-27;3;4;6;7;8;9;10;11;12;14;16;17;19;23;25
371;2008-10-30;1;2;3;5;6;7;8;9;10;13;14;15;16;22;25
372;2008-11-03;3;4;5;6;10;12;13;14;16;17;19;22;23;24;25
373;2008-11-06;2;4;6;9;11;12;13;14;15;17;19;20;21;22;23
374;2008-11-10;1;2;3;6;9;12;13;16;18;20;21;22;23;24;25
375;2008-11-13;1;2;5;7;10;11;12;13;14;16;17;18;19;20;25
376;2008-11-17;2;3;8;10;12;13;14;15;16;18;20;21;22;24;25
377;2008-11-20;1;2;3;4;7;8;9;11;12;13;15;17;19;20;22
378;2008-11-24;2;3;4;6;12;13;14;15;16;19;21;22;23;24;25
379;2008-11-27;3;4;5;7;10;11;12;13;14;16;17;18;21;22;25
380;2008-12-01;2;3;4;6;7;8;9;10;11;14;17;18;22;23;25
381;2008-12-04;1;3;4;6;7;9;10;12;13;15;17;19;21;22;25
382;2008-12-08;2;3;4;7;8;9;10;11;12;14;15;16;21;22;24
383;2008-12-11;3;5;6;7;9;11;12;14;15;16;18;22;23;24;25
384;2008-12-15;1;3;4;7;10;11;13;15;17;18;19;20;21;22;25
385;2008-12-18;1;2;4;5;6;8;12;13;15;18;20;22;23;24;25
386;2008-12-22;1;2;3;4;6;7;9;11;15;18;19;20;21;23;25
387;2008-12-26;2;3;4;8;9;10;11;12;14;15;19;20;21;22;23
388;2008-12-29;1;2;3;5;6;7;9;10;11;15;16;17;18;20;21
389;2009-01-02;2;3;4;5;6;9;10;12;13;17;18;19;23;24;25
390;2009-01-05;2;5;7;10;11;12;13;14;15;19;20;21;22;24;25
391;2009-01-08;1;3;4;6;8;9;12;13;15;16;18;21;22;23;25
392;2009-01-12;1;2;3;4;10;11;12;14;15;17;18;20;21;23;25
393;2009-01-15;1;3;4;6;7;8;10;11;17;18;20;21;22;23;25
394;2009-01-19;2;5;6;7;8;12;13;14;16;18;20;21;22;23;24
395;2009-01-22;1;2;4;6;8;9;11;13;14;15;17;21;22;23;25
396;2009-01-26;1;2;3;5;6;7;9;10;11;13;15;18;20;22;24
397;2009-01-29;1;2;3;4;5;6;8;9;10;13;14;15;20;22;25
398;2009-02-02;2;3;4;5;7;8;9;10;12;13;16;18;20;21;22
399;2009-02-05;1;4;7;9;10;11;12;14;16;17;19;21;22;23;24
400;2009-02-09;1;5;9;10;12;14;15;16;17;19;20;21;22;23;24
401;2009-02-12;1;2;3;5;6;7;8;10;14;16;17;21;23;24;25
402;2009-02-16;1;2;4;6;7;8;9;11;16;20;21;22;23;24;25
403;2009-02-19;2;4;6;7;8;9;11;12;13;14;15;19;21;24;25
404;2009-02-26;1;5;6;8;10;11;13;14;16;18;20;21;22;24;25
405;2009-03-02;4;5;6;7;8;11;12;13;14;16;18;19;22;24;25
406;2009-03-05;1;2;4;5;7;8;9;10;11;16;17;21;22;23;24
407;2009-03-09;2;4;6;7;8;9;11;12;14;15;16;17;20;22;25
408;2009-03-12;1;2;3;4;10;11;12;14;15;18;19;20;21;22;23
409;2009-03-16;1;2;4;6;7;8;10;14;16;17;20;21;23;24;25
410;2009-03-19;1;4;5;7;8;9;10;11;13;14;15;17;18;19;25
411;2009-03-23;1;5;7;9;11;12;14;16;17;18;20;21;22;24;25
412;2009-03-26;3;4;8;9;10;11;12;16;17;18;19;20;21;22;25
413;2009-03-30;2;3;5;6;8;9;10;12;13;14;16;17;20;21;25
414;2009-04-02;2;3;5;6;8;9;10;11;15;16;18;19;20;21;25
415;2009-04-06;1;3;7;10;11;13;14;15;17;18;19;20;21;22;23
416;2009-04-09;1;2;5;6;7;13;15;16;18;19;20;22;23;24;25
417;2009-04-15;1;2;3;8;9;11;12;13;14;15;16;17;19;21;23
418;2009-04-16;5;8;9;10;11;12;13;14;18;19;20;22;23;24;25
419;2009-04-20;3;4;5;6;7;14;15;16;17;18;20;21;22;23;24
420;2009-04-23;3;4;5;6;7;8;9;10;11;12;18;19;22;24;25
421;2009-04-27;3;4;5;8;9;10;12;13;14;15;16;19;20;23;25
422;2009-04-30;1;2;3;4;6;7;8;12;13;14;17;18;22;23;25
423;2009-05-04;1;2;3;5;11;13;15;16;17;18;20;22;23;24;25
424;2009-05-07;1;3;6;9;10;11;13;14;15;16;17;18;19;24;25
425;2009-05-11;1;7;9;10;11;12;13;15;16;18;19;20;22;23;24
426;2009-05-14;2;3;4;5;6;8;10;11;15;16;18;19;22;24;25
427;2009-05-18;1;3;4;5;6;7;9;10;11;12;16;19;21;22;24
428;2009-05-21;1;3;4;11;13;14;15;17;18;19;20;21;22;23;24
429;2009-05-25;2;3;4;5;6;7;8;12;13;14;16;17;19;23;25
430;2009-05-28;2;3;4;5;6;7;9;11;13;14;15;20;22;23;25
431;2009-06-01;1;2;3;5;9;11;12;13;15;18;20;21;22;23;24
432;2009-06-04;2;3;4;6;7;10;12;13;15;17;19;20;21;23;24
433;2009-06-08;1;2;3;5;7;8;9;14;15;19;21;22;23;24;25
434;2009-06-12;3;4;6;9;11;12;13;15;16;17;18;21;23;24;25
435;2009-06-15;1;3;4;5;10;11;13;14;15;16;17;18;21;24;25
436;2009-06-18;3;4;6;7;10;13;14;15;18;19;20;21;22;23;25
437;2009-06-22;1;2;4;5;6;8;10;11;12;16;17;19;20;21;23
438;2009-06-25;1;4;7;8;9;11;13;15;17;18;21;22;23;24;25
439;2009-06-29;2;3;5;9;10;11;12;14;15;17;19;21;23;24;25
440;2009-07-02;1;3;5;8;9;12;13;14;15;16;19;21;22;24;25
441;2009-07-06;1;2;3;4;7;8;9;10;11;13;14;20;23;24;25
442;2009-07-09;5;6;7;8;9;12;13;14;15;17;18;22;23;24;25
443;2009-07-13;1;2;3;5;7;10;11;12;16;17;18;19;21;22;23
444;2009-07-16;1;2;3;6;7;10;14;15;18;19;20;21;22;24;25
445;2009-07-20;1;2;4;7;9;10;11;12;13;15;16;18;19;20;21
446;2009-07-23;1;2;4;5;6;8;10;11;14;15;16;19;21;23;24
447;2009-07-27;1;2;5;8;10;12;16;17;18;19;20;21;22;24;25
448;2009-07-30;1;3;5;6;9;10;11;12;13;14;15;17;20;23;24
449;2009-08-03;1;2;3;4;8;9;10;11;16;17;18;19;22;24;25
450;2009-08-06;4;5;6;7;9;11;14;16;17;18;21;22;23;24;25
451;2009-08-10;1;3;5;6;8;9;14;15;17;18;19;22;23;24;25
452;2009-08-13;1;6;7;8;9;10;11;12;14;17;18;19;20;24;25
453;2009-08-17;1;2;3;4;6;9;11;14;15;17;19;20;21;24;25
454;2009-08-20;3;4;6;7;11;12;13;14;15;17;19;20;22;24;25
455;2009-08-24;1;3;4;5;6;7;8;11;12;14;18;19;21;23;25
456;2009-08-27;1;3;4;9;10;11;12;13;14;17;18;21;23;24;25
457;2009-08-31;1;4;5;11;13;14;15;16;18;19;20;21;22;23;25
458;2009-09-03;2;3;4;5;6;7;8;9;11;13;15;16;18;20;22
459;2009-09-08;1;2;3;4;7;10;11;12;14;15;17;19;20;21;23
460;2009-09-10;1;3;4;6;9;10;11;12;14;15;16;17;19;22;23
461;2009-09-14;3;4;5;6;7;8;11;12;13;14;15;17;19;23;24
462;2009-09-17;1;2;3;5;7;8;12;14;16;17;18;21;22;23;24
463;2009-09-21;2;3;6;7;9;11;13;14;17;18;19;20;22;23;25
464;2009-09-24;1;2;5;8;10;11;16;17;19;20;21;22;23;24;25
465;2009-09-28;1;2;3;4;6;7;9;10;11;13;18;19;21;22;25
466;2009-10-01;2;6;7;8;10;11;12;14;17;18;19;20;21;22;25
467;2009-10-05;2;4;5;6;7;10;13;14;15;17;18;21;22;24;25
468;2009-10-08;2;3;5;6;9;10;12;13;15;17;18;21;22;24;25
469;2009-10-13;1;2;5;6;7;8;10;11;13;14;18;19;22;23;25
470;2009-10-15;1;3;4;5;6;7;8;10;11;13;15;18;20;22;23
471;2009-10-19;2;3;4;6;9;10;11;12;13;14;15;16;20;24;25
472;2009-10-22;1;2;4;5;6;7;8;11;12;13;14;15;17;18;20
473;2009-10-27;1;2;5;6;7;8;9;11;12;15;17;19;22;23;25
474;2009-10-29;1;2;3;5;9;10;11;12;15;16;17;18;21;23;24
475;2009-11-03;2;3;4;5;6;9;10;11;13;14;17;20;21;23;25
476;2009-11-05;1;5;6;7;9;10;11;13;14;15;16;17;19;24;25
477;2009-11-09;2;4;6;7;8;10;11;12;14;16;18;20;23;24;25
478;2009-11-12;2;3;5;7;9;10;11;12;13;16;18;22;23;24;25
479;2009-11-16;2;3;5;8;11;13;14;15;16;18;19;22;23;24;25
480;2009-11-19;4;5;6;7;8;9;11;12;15;17;18;19;22;24;25
481;2009-11-23;1;3;5;7;9;10;12;13;14;15;17;20;21;22;24
482;2009-11-26;2;6;7;8;9;10;12;15;16;17;19;21;22;23;25
483;2009-11-30;1;4;5;6;7;9;11;12;14;17;18;21;22;23;24
484;2009-12-03;1;4;6;8;9;10;11;13;14;16;17;20;21;23;25
485;2009-12-07;2;3;4;5;6;7;11;16;17;18;20;21;22;24;25
486;2009-12-10;1;2;3;4;5;7;9;11;13;15;18;19;20;21;22
487;2009-12-14;4;5;6;7;8;9;10;14;15;17;18;19;21;22;24
488;2009-12-17;5;6;7;8;11;12;13;14;15;17;18;20;22;24;25
489;2009-12-21;1;2;5;7;10;11;12;14;17;18;19;21;22;23;25
490;2009-12-24;3;5;6;8;10;11;12;13;14;16;17;18;21;22;23
491;2009-12-28;1;2;3;7;9;11;12;13;16;20;21;22;23;24;25
492;2009-12-31;1;2;3;4;6;8;11;12;14;15;18;19;21;24;25
493;2010-01-04;1;4;5;7;8;10;12;13;14;15;17;18;21;22;25
494;2010-01-07;2;3;4;5;7;8;12;13;15;16;18;19;20;21;22
495;2010-01-11;1;3;4;6;7;8;9;11;13;15;17;19;22;24;25
496;2010-01-14;3;4;5;7;9;11;13;14;15;16;17;19;21;22;24
497;2010-01-18;1;2;3;4;5;8;9;11;12;14;16;17;19;23;25
498;2010-01-21;1;2;4;5;6;11;13;14;15;16;18;20;22;23;25
499;2010-01-25;1;2;3;4;7;10;11;12;15;17;19;20;21;24;25
500;2010-01-28;2;3;5;6;8;9;10;13;14;16;18;20;21;23;25
501;2010-02-01;1;2;3;4;6;9;12;15;17;18;19;21;23;24;25
502;2010-02-04;1;2;3;4;5;6;8;10;11;13;16;18;19;23;24
503;2010-02-08;1;2;3;4;5;7;11;12;14;15;17;20;21;24;25
504;2010-02-11;1;6;9;10;12;13;14;15;16;17;18;19;20;21;23
505;2010-02-13;3;4;6;7;9;11;15;16;17;18;19;20;21;22;24
506;2010-02-18;4;5;6;9;11;12;13;15;16;17;19;20;21;22;24
507;2010-02-22;1;2;3;5;6;8;9;10;11;12;20;21;23;24;25
508;2010-02-25;2;3;5;6;7;8;9;14;15;16;18;19;23;24;25
509;2010-03-01;1;3;5;6;9;11;12;15;16;17;19;20;22;24;25
510;2010-03-04;1;2;3;4;6;7;10;11;12;13;20;21;22;23;25
511;2010-03-08;1;2;5;7;10;11;12;13;14;17;18;19;21;24;25
512;2010-03-12;1;2;4;5;6;7;8;9;10;12;13;15;16;21;24
513;2010-03-15;1;2;3;6;9;10;11;13;15;17;18;20;22;23;25
514;2010-03-18;1;5;6;7;8;9;11;12;15;17;18;21;22;24;25
515;2010-03-22;2;3;5;7;9;10;11;12;13;14;17;18;20;24;25
516;2010-03-25;2;4;5;6;7;8;11;12;13;14;18;20;21;23;24
517;2010-03-29;1;3;4;5;6;7;8;9;11;12;13;17;21;22;23
518;2010-04-01;4;5;6;7;10;11;12;13;14;16;17;19;20;22;24
519;2010-04-05;2;3;7;9;11;12;13;15;16;17;19;21;23;24;25
520;2010-04-08;2;4;5;6;9;10;12;14;15;18;19;20;22;23;24
521;2010-04-12;1;2;3;4;5;6;9;10;11;12;13;17;19;20;23
522;2010-04-15;2;4;6;7;9;11;16;17;18;19;21;22;23;24;25
523;2010-04-19;2;4;5;8;9;10;11;12;13;16;17;18;19;24;25
524;2010-04-22;2;3;5;6;7;10;11;12;14;17;20;21;22;23;24
525;2010-04-26;3;4;6;9;10;11;13;15;16;17;18;20;21;22;25
526;2010-04-29;1;2;4;7;8;9;10;11;12;14;15;16;19;24;25
527;2010-05-03;1;2;5;6;9;11;12;14;15;16;17;19;22;23;24
528;2010-05-06;2;3;4;6;7;8;10;11;12;15;19;21;23;24;25
529;2010-05-10;2;3;5;6;7;11;12;16;17;18;19;20;22;23;25
530;2010-05-13;3;4;6;7;8;9;10;11;12;14;16;18;21;22;23
531;2010-05-17;1;2;3;7;10;12;13;14;15;16;17;21;22;23;25
532;2010-05-20;1;2;4;5;6;7;9;11;12;13;15;16;19;22;24
533;2010-05-24;1;2;3;8;9;10;11;13;14;16;17;18;20;24;25
534;2010-05-27;1;2;3;5;7;8;11;12;13;15;18;19;21;22;24
535;2010-05-31;1;4;5;6;9;11;13;15;16;17;19;21;23;24;25
536;2010-06-04;3;4;5;7;9;11;15;16;17;19;20;22;23;24;25
537;2010-06-07;1;2;4;6;9;10;11;14;15;17;18;20;22;23;24
538;2010-06-10;2;5;6;10;11;12;13;16;17;18;19;20;21;24;25
539;2010-06-14;1;2;4;5;6;8;9;12;13;14;15;16;19;21;23
540;2010-06-17;2;6;7;8;9;11;12;13;15;16;18;19;20;22;24
541;2010-06-21;3;4;5;6;9;10;13;14;15;17;19;20;22;24;25
542;2010-06-24;1;2;3;4;5;8;9;10;13;16;17;18;20;22;24
543;2010-06-28;1;5;7;8;10;11;13;14;15;16;17;20;22;24;25
544;2010-07-01;2;4;5;7;8;9;11;13;14;15;18;19;21;23;24
545;2010-07-05;1;3;5;6;7;11;12;13;14;15;17;18;23;24;25
546;2010-07-08;2;3;4;5;8;9;10;11;12;13;17;18;19;21;23
547;2010-07-12;1;2;4;5;6;9;10;12;14;16;17;19;20;24;25
548;2010-07-15;1;2;3;4;5;6;7;8;9;13;14;17;20;23;25
549;2010-07-19;3;4;7;9;10;11;13;14;15;16;17;20;21;22;23
550;2010-07-22;1;5;6;7;9;10;11;13;14;16;17;18;20;21;22
551;2010-07-26;3;7;8;10;12;13;14;16;17;18;19;20;21;22;24
552;2010-07-29;1;3;4;5;6;8;10;12;13;17;20;22;23;24;25
553;2010-08-02;4;5;7;8;9;10;12;13;14;15;17;18;21;23;24
554;2010-08-05;1;2;3;4;6;9;13;14;17;19;20;21;22;24;25
555;2010-08-09;1;2;6;7;8;9;10;12;14;16;17;18;20;23;24
556;2010-08-12;1;4;8;9;11;13;14;16;17;18;20;22;23;24;25
557;2010-08-16;1;5;7;8;9;10;12;14;15;17;18;19;20;21;23
558;2010-08-19;1;3;4;5;7;10;12;14;17;18;20;21;22;24;25
559;2010-08-23;1;2;5;7;9;10;11;13;14;16;19;20;21;22;23
560;2010-08-26;1;2;4;9;10;12;14;17;18;19;20;21;23;24;25
561;2010-08-30;2;3;4;6;7;9;10;11;12;13;15;17;18;20;21
562;2010-09-02;1;2;3;5;7;8;13;14;16;18;19;20;21;22;24
563;2010-09-06;1;3;4;5;6;7;9;11;12;16;19;20;22;23;24
564;2010-09-09;1;2;3;4;7;9;12;14;15;17;19;20;21;23;24
565;2010-09-13;1;4;6;7;9;10;12;15;17;18;19;20;21;23;24
566;2010-09-16;1;3;4;5;7;9;10;11;14;15;16;17;19;20;21
567;2010-09-20;1;2;5;7;8;9;10;12;13;14;15;17;21;24;25
568;2010-09-23;1;2;4;5;6;7;8;9;13;15;16;17;18;20;21
569;2010-09-27;1;2;6;7;8;12;13;16;17;18;19;20;22;24;25
570;2010-09-30;1;2;3;4;5;10;12;14;15;18;19;20;21;22;23
571;2010-10-04;3;4;5;6;7;11;12;15;16;18;19;20;21;24;25
572;2010-10-07;2;5;6;8;9;10;13;14;15;16;17;19;21;22;24
573;2010-10-11;1;2;3;7;10;11;12;14;16;18;20;22;23;24;25
574;2010-10-14;1;5;6;11;12;13;14;16;18;19;20;21;22;23;25
575;2010-10-18;3;5;8;9;10;12;13;15;16;17;18;19;21;22;24
576;2010-10-21;6;8;9;10;11;12;13;15;16;17;18;19;21;23;25
577;2010-10-25;1;2;3;4;5;8;10;12;15;16;18;19;21;22;23
578;2010-10-28;1;4;6;7;8;10;12;13;14;15;16;19;21;22;23
579;2010-11-01;1;3;5;6;7;8;10;12;13;14;17;19;20;21;24
580;2010-11-04;1;4;6;7;8;9;10;12;13;14;16;17;21;24;25
581;2010-11-08;2;4;6;9;11;12;13;14;15;17;18;19;21;23;25
582;2010-11-11;3;7;8;9;10;11;12;13;15;17;18;19;21;23;25
583;2010-11-16;1;3;4;7;8;9;11;14;16;17;18;19;21;23;24
584;2010-11-18;2;3;5;6;7;8;10;11;14;15;19;20;21;22;23
585;2010-11-22;1;5;7;8;9;10;13;14;15;16;17;18;20;23;24
586;2010-11-25;2;3;4;6;7;8;11;12;16;17;18;19;22;24;25
587;2010-11-29;1;4;5;7;9;10;11;12;13;17;18;19;20;21;23
588;2010-12-02;1;4;5;7;11;12;13;14;17;18;19;20;23;24;25
589;2010-12-06;2;3;4;6;8;9;10;12;13;20;21;22;23;24;25
590;2010-12-09;1;3;4;6;9;10;11;13;14;15;16;18;19;20;21
591;2010-12-13;1;2;4;7;8;10;11;14;15;16;17;19;20;21;23
592;2010-12-16;1;3;5;6;8;9;10;14;15;16;17;18;19;20;22
593;2010-12-20;1;3;4;5;6;9;10;11;13;14;15;20;23;24;25
594;2010-12-23;2;3;6;7;9;10;11;13;14;15;16;18;20;23;25
595;2010-12-27;1;5;6;7;8;9;10;11;12;15;17;19;21;24;25
596;2010-12-30;2;3;7;8;9;10;11;12;17;18;19;20;22;23;25
597;2011-01-03;1;2;3;5;8;9;10;11;14;16;17;18;22;24;25
598;2011-01-06;1;3;4;5;7;11;12;14;15;18;19;20;21;22;25
599;2011-01-10;2;4;5;6;7;9;12;13;16;18;20;21;22;23;24
600;2011-01-13;1;3;5;6;8;9;10;11;16;17;18;19;22;23;25
601;2011-01-17;1;3;5;6;7;9;10;11;12;13;14;16;19;20;25
602;2011-01-20;1;2;5;6;7;8;9;10;11;12;13;18;22;23;25
603;2011-01-24;2;4;5;6;8;10;12;13;15;16;19;20;21;22;23
604;2011-01-27;1;2;6;7;9;12;13;14;15;18;19;20;22;24;25
605;2011-01-31;2;3;4;5;7;10;11;13;14;16;17;18;21;23;25
606;2011-02-03;2;3;6;7;8;10;12;14;15;16;18;22;23;24;25
607;2011-02-07;3;5;7;9;12;15;16;17;18;19;20;21;22;24;25
608;2011-02-10;1;2;3;5;7;8;10;13;14;16;17;18;19;23;25
609;2011-02-14;1;2;4;7;9;10;11;12;14;15;16;19;20;23;25
610;2011-02-17;1;2;4;6;7;8;10;12;13;14;15;16;21;22;25
611;2011-02-21;2;3;4;5;6;8;9;13;14;16;18;19;20;21;23
612;2011-02-24;1;2;3;6;7;9;10;13;15;16;17;18;19;23;25
613;2011-02-28;2;5;6;7;10;11;12;13;14;16;17;20;22;23;25
614;2011-03-03;1;5;6;7;9;11;12;13;16;17;18;19;20;22;23
615;2011-03-05;1;2;4;7;8;11;12;17;19;20;21;22;23;24;25
616;2011-03-10;1;2;6;9;10;12;15;16;17;18;19;21;22;24;25
617;2011-03-14;1;2;3;4;5;7;10;14;15;16;19;21;22;24;25
618;2011-03-17;1;2;4;5;6;7;9;12;13;17;19;20;21;22;24
619;2011-03-21;1;3;4;7;8;9;13;14;17;18;19;20;21;23;25
620;2011-03-24;1;5;6;7;10;11;12;14;15;16;18;19;20;21;22
621;2011-03-28;1;2;3;5;6;8;9;10;12;15;16;20;22;24;25
622;2011-03-31;2;3;4;5;6;7;9;10;11;12;13;15;17;18;21
623;2011-04-04;1;2;3;4;5;8;9;10;11;12;15;20;22;23;25
624;2011-04-07;1;2;4;5;6;7;9;11;12;16;17;18;20;21;24
625;2011-04-11;1;2;3;6;8;10;11;13;14;15;16;17;22;23;24
626;2011-04-14;1;2;3;4;5;7;8;9;11;13;17;19;21;23;24
627;2011-04-18;1;2;3;4;6;10;12;14;15;17;21;22;23;24;25
628;2011-04-20;2;3;4;7;8;9;10;11;13;15;18;19;22;23;25
629;2011-04-25;1;2;4;5;6;7;9;12;14;15;17;19;21;22;25
630;2011-04-28;1;2;4;6;7;12;13;14;17;18;20;22;23;24;25
631;2011-05-02;2;3;5;7;8;9;10;13;14;16;17;18;19;20;21
632;2011-05-05;1;4;6;8;10;11;13;14;16;17;20;21;22;24;25
633;2011-05-09;2;3;6;7;8;9;10;12;18;20;21;22;23;24;25
634;2011-05-12;2;3;4;5;9;10;11;12;14;15;18;19;20;21;22
635;2011-05-16;1;4;5;6;7;8;9;11;12;13;18;19;20;22;24
636;2011-05-19;1;2;3;4;6;10;12;13;14;16;19;20;21;23;25
637;2011-05-23;2;4;6;7;9;13;16;17;18;19;20;21;22;23;25
638;2011-05-26;1;2;3;4;9;11;13;14;16;18;19;21;23;24;25
639;2011-05-30;1;2;4;5;6;8;9;10;12;16;19;20;21;22;24
640;2011-06-02;1;3;4;5;9;11;13;14;16;18;19;20;21;22;23
641;2011-06-06;2;3;6;7;8;9;11;13;16;18;19;20;21;22;24
642;2011-06-09;1;2;4;5;8;10;11;12;13;18;19;20;21;22;25
643;2011-06-13;1;2;4;7;8;9;10;13;16;17;19;21;22;23;24
644;2011-06-16;2;3;5;6;7;8;9;12;13;14;15;18;21;22;24
645;2011-06-20;4;5;8;9;10;11;13;16;18;19;20;21;22;23;25
646;2011-06-24;1;3;5;6;9;10;14;15;17;18;19;20;21;23;25
647;2011-06-27;4;6;7;8;9;11;13;14;17;18;19;20;22;23;25
648;2011-06-30;2;4;6;8;9;10;11;13;15;16;18;19;20;21;22
649;2011-07-04;1;2;4;5;6;8;9;10;11;14;15;17;21;22;24
650;2011-07-07;1;3;7;8;10;13;14;16;17;19;20;21;23;24;25
651;2011-07-11;1;4;5;6;8;10;13;14;15;17;18;19;20;24;25
652;2011-07-14;2;5;7;9;10;11;13;14;16;17;18;19;20;21;23
653;2011-07-18;1;2;3;7;8;12;13;14;16;17;19;20;21;22;23
654;2011-07-21;1;2;3;7;12;13;14;16;17;18;19;20;22;23;25
655;2011-07-25;2;5;7;8;10;11;13;14;15;19;20;21;23;24;25
656;2011-07-28;2;3;5;7;8;9;11;13;14;15;18;20;22;23;25
657;2011-08-01;2;3;4;5;6;8;10;12;13;15;17;19;23;24;25
658;2011-08-04;1;4;5;6;7;9;10;11;14;15;17;21;23;24;25
659;2011-08-08;1;3;4;5;6;8;9;10;11;12;15;19;20;23;24
660;2011-08-11;3;4;5;6;7;8;9;12;14;15;16;17;19;24;25
661;2011-08-15;1;3;6;7;10;11;12;15;17;18;19;20;22;23;24
662;2011-08-18;1;2;3;6;7;8;9;11;13;14;15;16;19;20;22
663;2011-08-22;2;4;5;6;7;9;11;13;16;17;19;21;22;23;24
664;2011-08-25;1;3;4;7;10;13;14;15;16;17;18;20;21;23;24
665;2011-08-29;2;3;6;7;12;13;14;15;17;18;20;21;22;24;25
666;2011-09-01;1;2;4;6;7;11;12;14;15;16;18;20;21;24;25
667;2011-09-05;3;4;5;6;8;10;13;15;17;18;19;20;21;24;25
668;2011-09-08;1;2;7;9;10;11;12;13;15;16;17;20;23;24;25
669;2011-09-13;2;4;5;6;12;13;15;16;17;18;19;22;23;24;25
670;2011-09-15;1;7;8;10;12;13;14;15;17;18;20;21;22;23;25
671;2011-09-19;4;5;7;8;9;10;11;12;13;14;18;19;20;22;24
672;2011-09-22;1;2;4;6;9;10;11;12;15;17;19;21;23;24;25
673;2011-09-26;2;4;5;7;8;9;10;11;12;13;14;15;17;19;20
674;2011-09-29;2;3;8;10;11;14;15;16;18;19;20;22;23;24;25
675;2011-10-03;2;3;4;5;7;10;11;13;14;15;16;17;22;23;24
676;2011-10-06;2;4;5;6;8;10;12;13;15;16;19;20;21;24;25
677;2011-10-10;1;2;5;6;7;8;10;11;12;13;15;16;19;23;25
678;2011-10-13;2;3;5;7;9;10;12;15;18;19;20;21;23;24;25
679;2011-10-17;2;7;8;10;11;12;13;14;15;17;18;19;20;21;22
680;2011-10-20;3;4;6;7;8;9;12;13;14;16;18;19;20;21;22
681;2011-10-24;2;3;4;6;7;8;10;11;12;14;15;16;18;19;23
682;2011-10-27;1;2;4;5;6;7;8;11;14;17;18;19;22;24;25
683;2011-10-31;1;2;4;5;6;7;8;9;10;11;12;13;15;23;24
684;2011-11-03;1;4;5;8;10;11;12;13;14;16;20;21;22;24;25
685;2011-11-07;1;3;4;9;12;13;15;17;19;20;21;22;23;24;25
686;2011-11-10;1;3;4;6;7;10;12;13;16;19;20;22;23;24;25
687;2011-11-14;1;2;3;4;6;9;12;13;15;18;19;20;23;24;25
688;2011-11-17;1;2;3;4;7;9;11;12;14;16;19;21;22;23;24
689;2011-11-21;2;3;4;5;6;7;8;11;12;13;15;17;22;23;24
690;2011-11-24;1;2;3;9;10;11;12;13;14;15;18;19;20;24;25
691;2011-11-28;1;2;3;6;7;8;9;11;13;17;18;19;20;22;23
692;2011-12-01;1;2;4;6;7;10;11;12;17;18;19;21;22;23;24
693;2011-12-05;1;2;3;4;6;7;9;10;11;14;16;17;19;21;22
694;2011-12-08;1;3;6;8;9;10;11;14;15;16;18;19;20;21;24
695;2011-12-12;2;3;4;5;11;13;14;17;18;19;20;21;22;24;25
696;2011-12-15;1;4;5;7;9;10;11;13;14;15;16;20;21;22;24
697;2011-12-19;1;2;3;7;8;11;14;15;16;18;19;22;23;24;25
698;2011-12-22;2;3;4;6;7;9;10;12;14;15;18;20;21;22;24
699;2011-12-26;2;3;4;6;8;9;10;15;16;18;19;21;22;23;25
700;2011-12-29;1;2;6;7;8;9;10;13;14;16;18;19;21;22;25
701;2012-01-02;3;4;8;10;12;13;14;16;17;19;20;21;22;23;25
702;2012-01-05;1;2;3;4;5;6;7;8;9;10;13;14;20;23;25
703;2012-01-09;2;5;8;10;11;14;15;17;18;20;21;22;23;24;25
704;2012-01-12;2;3;5;6;8;10;11;13;14;15;16;17;22;23;24
705;2012-01-16;3;4;6;7;8;9;11;12;14;15;16;20;21;22;25
706;2012-01-19;1;2;3;4;6;8;12;13;16;18;19;21;22;24;25
707;2012-01-23;3;4;6;7;8;11;12;14;15;16;17;20;21;24;25
708;2012-01-26;1;2;3;4;5;6;9;11;14;16;19;21;22;24;25
709;2012-01-30;1;3;6;7;8;11;12;14;15;16;18;19;20;22;23
710;2012-02-02;2;3;4;6;12;14;15;17;18;19;20;21;22;24;25
711;2012-02-06;1;2;4;5;6;7;10;12;13;15;16;18;21;22;24
712;2012-02-08;1;4;8;9;12;14;15;16;17;18;20;21;22;23;25
713;2012-02-10;2;3;4;5;6;11;13;14;15;19;21;22;23;24;25
714;2012-02-13;4;6;7;8;9;10;11;12;13;14;15;17;19;21;22
715;2012-02-15;1;3;5;8;10;11;13;14;15;18;20;22;23;24;25
716;2012-02-17;1;3;5;7;8;11;12;14;15;16;18;20;21;23;25
717;2012-02-22;1;2;3;5;7;8;9;11;14;16;18;20;21;23;25
718;2012-02-24;3;4;7;9;11;13;14;15;17;19;21;22;23;24;25
719;2012-02-27;2;7;8;9;10;11;13;15;16;18;19;22;23;24;25
720;2012-03-01;4;7;9;10;11;12;13;16;17;18;20;21;23;24;25
721;2012-03-02;1;2;3;4;5;7;8;9;10;11;12;14;15;19;21
722;2012-03-05;1;3;5;6;7;8;10;13;14;16;17;19;20;23;24
723;2012-03-07;2;3;4;5;7;8;9;10;11;12;14;15;18;20;24
724;2012-03-09;1;3;5;6;7;10;12;14;15;18;19;20;23;24;25
725;2012-03-12;1;5;6;7;9;10;12;13;15;16;17;18;21;24;25
726;2012-03-14;1;2;4;7;9;10;11;13;14;15;16;20;21;24;25
727;2012-03-16;3;4;6;7;8;9;11;16;18;20;21;22;23;24;25
728;2012-03-19;3;4;6;7;8;10;11;13;16;19;20;21;22;23;25
729;2012-03-21;1;2;3;4;6;7;9;10;12;14;15;17;22;23;25
730;2012-03-23;1;3;4;8;11;12;14;16;18;19;20;21;22;24;25
731;2012-03-26;3;4;6;7;8;11;12;14;15;17;18;19;21;22;24
732;2012-03-28;1;4;8;9;10;11;13;14;17;20;21;22;23;24;25
733;2012-03-30;1;4;5;6;7;8;11;12;14;16;18;19;20;22;24
734;2012-04-02;2;3;6;8;9;10;13;15;17;18;19;20;21;23;24
735;2012-04-04;5;6;8;10;11;12;13;14;17;19;20;21;22;24;25
736;2012-04-07;2;3;4;5;6;8;9;10;13;15;16;17;19;21;23
737;2012-04-09;2;3;4;5;6;7;8;10;12;14;16;17;18;22;25
738;2012-04-11;2;6;7;9;11;12;13;14;16;18;19;20;23;24;25
739;2012-04-13;2;3;4;8;9;10;11;14;17;20;21;22;23;24;25
740;2012-04-16;1;4;5;9;10;11;12;13;14;19;21;22;23;24;25
741;2012-04-18;2;3;5;7;10;11;12;13;14;16;17;18;21;24;25
742;2012-04-20;1;3;5;6;7;8;9;11;13;14;15;19;20;21;23
743;2012-04-23;1;2;3;6;9;10;11;12;14;15;17;21;22;23;24
744;2012-04-25;1;3;4;6;7;9;10;11;12;13;15;16;19;23;24
745;2012-04-27;1;3;6;7;8;9;11;12;13;16;17;20;22;24;25
746;2012-04-30;2;3;4;5;8;9;10;16;17;18;19;20;21;24;25
747;2012-05-02;1;2;3;4;6;7;10;12;13;15;16;17;20;23;24
748;2012-05-04;1;3;4;5;6;8;9;10;12;15;17;18;20;21;23
749;2012-05-07;1;2;3;4;6;7;8;11;13;14;15;18;19;22;24
750;2012-05-09;2;3;4;5;7;9;10;11;13;15;19;20;21;24;25
751;2012-05-11;3;5;6;8;9;12;13;14;16;17;19;20;21;22;23
752;2012-05-14;1;4;5;6;7;8;12;13;14;16;18;19;21;24;25
753;2012-05-16;1;3;4;5;6;7;8;11;13;14;17;20;21;22;25
754;2012-05-18;1;4;5;7;13;15;16;17;18;19;20;22;23;24;25
755;2012-05-21;1;2;3;5;7;8;10;11;12;13;14;16;17;24;25
756;2012-05-23;3;5;6;7;8;10;13;14;15;16;17;20;22;23;25
757;2012-05-25;1;3;4;8;9;10;11;13;14;15;17;18;20;21;23
758;2012-05-28;1;2;4;5;6;11;12;15;16;17;18;20;23;24;25
759;2012-05-30;2;5;7;8;9;10;15;16;17;18;19;20;23;24;25
760;2012-06-01;1;2;3;7;9;10;11;12;13;15;16;17;23;24;25
761;2012-06-04;1;4;5;6;10;11;12;13;14;15;16;19;20;22;24
762;2012-06-06;1;2;3;5;6;7;9;10;11;12;13;14;17;21;22
763;2012-06-08;1;2;3;4;6;7;13;14;16;17;18;21;22;24;25
764;2012-06-11;1;3;4;6;8;9;11;12;14;16;17;19;23;24;25
765;2012-06-13;1;2;3;7;8;9;10;12;13;14;18;20;23;24;25
766;2012-06-15;1;3;5;6;7;9;12;13;14;15;16;18;21;24;25
767;2012-06-18;1;3;4;5;7;8;10;11;12;15;17;19;22;23;24
768;2012-06-20;1;3;5;6;11;12;13;14;15;17;19;20;23;24;25
769;2012-06-22;3;4;5;7;10;11;13;15;16;17;19;20;22;23;25
770;2012-06-25;1;3;4;5;6;9;11;12;16;17;18;21;22;24;25
771;2012-06-27;2;4;5;6;7;8;9;10;14;16;17;20;22;23;25
772;2012-06-29;2;4;6;7;8;9;10;11;12;15;16;20;23;24;25
773;2012-07-02;2;5;6;7;8;10;11;13;15;17;18;20;22;24;25
774;2012-07-04;1;3;4;5;6;8;9;11;12;14;15;18;19;22;25
775;2012-07-06;2;3;6;7;8;9;10;12;13;14;16;17;18;19;20
776;2012-07-09;1;2;3;4;10;11;12;13;14;18;19;20;22;23;24
777;2012-07-11;2;3;6;9;11;12;13;14;15;16;20;21;23;24;25
778;2012-07-13;2;5;6;7;9;10;11;13;15;16;19;20;22;24;25
779;2012-07-16;4;5;8;9;11;12;13;14;16;17;19;20;21;22;23
780;2012-07-18;3;6;7;8;10;13;15;16;17;18;19;20;21;24;25
781;2012-07-20;1;2;4;8;9;10;11;14;15;16;17;19;20;22;25
782;2012-07-23;5;8;9;10;11;12;13;14;15;16;17;18;19;20;21
783;2012-07-25;1;2;5;6;7;8;11;13;15;16;19;20;21;22;24
784;2012-07-27;1;2;3;4;7;11;12;13;15;18;20;21;22;23;25
785;2012-07-30;1;2;4;6;7;10;11;12;13;15;16;17;19;21;23
786;2012-08-01;2;4;5;6;8;10;11;12;13;15;17;21;23;24;25
787;2012-08-03;1;4;5;8;9;10;11;12;13;14;16;17;19;20;23
788;2012-08-06;1;3;4;8;9;10;11;12;16;19;21;22;23;24;25
789;2012-08-08;2;3;4;8;10;11;12;14;15;16;18;19;21;22;24
790;2012-08-10;3;6;7;8;10;12;13;16;18;19;20;22;23;24;25
791;2012-08-13;1;2;3;5;6;7;8;10;11;13;14;21;22;23;25
792;2012-08-15;1;2;3;6;8;9;10;12;14;18;19;20;21;23;25
793;2012-08-17;2;4;5;7;9;11;12;14;16;17;18;20;21;23;25
794;2012-08-20;1;2;3;4;5;6;8;9;11;14;15;20;23;24;25
795;2012-08-22;1;2;3;4;6;7;8;9;10;12;14;16;21;22;24
796;2012-08-24;2;3;4;6;7;8;10;11;14;16;17;18;20;21;24
797;2012-08-27;2;3;5;6;7;8;11;15;17;18;19;20;21;24;25
798;2012-08-29;1;3;5;6;8;10;11;13;15;16;18;19;22;23;24
799;2012-08-31;3;4;6;8;11;13;14;15;16;19;21;22;23;24;25
800;2012-09-06;3;4;6;7;8;9;10;11;12;13;16;20;21;22;24
801;2012-09-10;1;3;4;5;6;7;10;12;15;17;18;19;21;23;25
802;2012-09-12;1;3;4;5;8;9;10;12;13;14;18;20;21;22;25
803;2012-09-14;1;4;5;12;14;15;16;17;18;19;20;21;23;24;25
804;2012-09-17;1;3;4;5;6;7;8;13;15;17;18;20;21;23;24
805;2012-09-19;1;2;4;6;7;9;11;13;14;16;17;20;22;24;25
806;2012-09-21;1;2;3;5;6;7;8;10;14;15;16;19;20;24;25
807;2012-09-24;2;3;4;5;7;8;10;11;13;18;19;21;22;24;25
808;2012-09-26;4;6;7;10;11;12;14;16;17;18;20;21;22;24;25
809;2012-09-28;1;2;4;5;7;9;13;16;18;19;21;22;23;24;25
810;2012-10-01;1;3;6;7;9;11;12;15;16;17;18;21;22;23;24
811;2012-10-03;1;2;3;4;5;6;7;9;10;12;14;17;19;20;22
812;2012-10-05;1;3;5;7;8;11;14;17;18;19;20;21;23;24;25
813;2012-10-08;1;3;4;5;6;7;8;10;12;16;19;21;23;24;25
814;2012-10-10;3;4;8;10;11;12;13;14;17;19;20;21;22;23;24
815;2012-10-13;6;7;8;10;11;14;15;17;18;20;21;22;23;24;25
816;2012-10-15;2;3;5;8;9;10;11;12;13;15;16;17;19;23;25
817;2012-10-17;1;2;3;4;5;8;10;11;12;17;18;20;23;24;25
818;2012-10-19;4;5;6;8;10;11;13;14;16;19;20;22;23;24;25
819;2012-10-22;3;4;5;6;7;8;9;10;11;12;18;19;20;21;22
820;2012-10-24;1;2;3;5;6;7;8;9;10;13;15;16;22;23;24
821;2012-10-26;3;4;5;7;9;10;11;12;14;16;17;21;23;24;25
822;2012-10-29;2;3;5;11;12;14;15;16;17;18;19;21;22;23;24
823;2012-10-31;1;2;4;5;9;11;12;13;14;16;19;20;22;24;25
824;2012-11-03;2;3;4;7;11;12;13;14;15;19;20;21;22;24;25
825;2012-11-05;1;6;7;8;9;10;11;13;14;15;17;19;22;23;25
826;2012-11-07;3;5;6;12;13;14;15;16;17;18;19;20;21;23;24
827;2012-11-09;1;2;4;5;7;9;10;12;13;14;16;17;21;22;24
828;2012-11-12;1;6;7;8;9;12;14;15;17;19;20;22;23;24;25
829;2012-11-14;2;5;7;8;9;11;13;14;16;17;18;22;23;24;25
830;2012-11-16;1;4;6;9;10;11;12;13;14;16;17;19;21;23;24
831;2012-11-19;1;2;3;5;9;10;11;12;14;16;17;18;20;21;22
832;2012-11-21;2;5;6;7;8;10;11;12;15;16;19;22;23;24;25
833;2012-11-23;2;5;6;7;10;11;12;13;16;17;18;19;20;22;25
834;2012-11-26;2;4;7;8;9;10;11;14;16;18;19;20;21;22;23
835;2012-11-28;1;2;4;6;8;12;14;15;16;17;18;19;21;24;25
836;2012-11-30;2;4;7;8;9;10;12;14;15;16;18;20;21;22;25
837;2012-12-03;1;3;7;8;10;11;12;13;14;15;16;18;20;22;24
838;2012-12-05;2;4;5;7;9;10;11;14;15;16;18;20;21;23;24
839;2012-12-07;2;3;4;6;7;8;13;14;16;17;19;21;22;24;25
840;2012-12-10;2;4;6;9;11;12;13;17;18;19;20;21;22;23;25
841;2012-12-12;1;3;5;6;8;10;12;13;14;15;16;17;20;21;24
842;2012-12-14;3;4;5;7;10;11;13;14;15;18;19;20;21;22;24
843;2012-12-17;3;4;7;8;11;12;13;15;16;17;19;20;21;22;24
844;2012-12-19;1;3;5;7;8;9;10;12;15;16;17;19;22;24;25
845;2012-12-21;2;4;6;7;11;12;14;16;18;19;21;22;23;24;25
846;2012-12-24;1;4;6;9;10;11;13;14;15;19;20;21;23;24;25
847;2012-12-26;1;3;5;6;7;9;10;11;13;14;17;18;20;21;25
848;2012-12-28;2;3;5;8;9;13;14;16;17;18;19;21;23;24;25
849;2012-12-31;1;4;5;10;12;13;14;15;16;17;18;20;23;24;25
850;2013-01-02;2;3;5;7;8;10;13;14;18;19;20;21;22;23;24
851;2013-01-04;1;4;5;6;7;10;13;14;15;17;18;19;20;22;24
852;2013-01-07;1;2;3;4;5;8;11;12;16;18;20;21;23;24;25
853;2013-01-09;2;3;5;6;8;9;11;12;17;18;19;20;21;22;23
854;2013-01-11;1;2;3;5;8;9;10;13;14;15;17;18;20;21;22
855;2013-01-14;1;3;4;8;9;10;11;13;14;15;17;18;23;24;25
856;2013-01-16;2;3;7;8;9;11;12;13;15;16;19;20;22;23;25
857;2013-01-18;1;3;4;6;8;11;13;14;15;16;18;19;20;21;24
858;2013-01-21;1;3;4;5;6;8;9;11;12;17;19;20;22;23;25
859;2013-01-23;1;2;3;4;5;6;9;10;11;13;14;17;18;19;20
860;2013-01-25;3;4;5;6;7;9;10;13;14;15;16;19;22;24;25
861;2013-01-28;1;2;3;4;6;7;9;10;11;14;15;17;19;22;23
862;2013-01-30;1;2;3;4;5;10;13;14;15;17;18;19;20;23;24
863;2013-02-01;1;3;4;7;8;13;15;16;17;18;19;22;23;24;25
864;2013-02-04;3;6;8;10;12;13;15;16;17;18;19;21;22;23;24
865;2013-02-06;1;3;4;5;6;7;10;13;18;19;20;21;22;23;25
866;2013-02-08;1;2;3;5;7;8;9;10;11;13;14;18;20;23;24
867;2013-02-13;2;3;4;5;6;7;8;10;12;13;14;15;21;22;25
868;2013-02-15;1;2;3;8;9;10;12;13;14;16;17;19;21;22;24
869;2013-02-18;1;3;6;9;10;11;12;14;18;20;21;22;23;24;25
870;2013-02-20;1;2;4;5;6;7;8;10;12;13;14;16;17;18;23
871;2013-02-22;2;4;6;8;9;10;12;13;14;15;17;19;22;23;24
872;2013-02-25;1;2;4;5;6;7;9;10;12;13;14;17;18;22;23
873;2013-02-27;2;3;6;7;8;9;11;12;13;14;15;17;18;22;25
874;2013-03-01;1;2;4;5;6;7;8;9;10;16;19;20;21;23;25
875;2013-03-04;2;4;6;8;9;10;12;13;15;18;21;22;23;24;25
876;2013-03-06;3;5;6;7;9;12;13;14;16;18;20;21;23;24;25
877;2013-03-08;3;7;8;9;10;11;13;14;15;16;18;19;21;23;25
878;2013-03-11;1;2;3;5;6;7;10;12;13;14;16;19;22;23;25
879;2013-03-13;2;3;4;7;9;10;12;13;15;16;18;21;22;24;25
880;2013-03-15;2;5;6;7;8;10;14;16;18;19;21;22;23;24;25
881;2013-03-18;1;3;4;5;6;7;8;9;15;16;19;20;21;22;23
882;2013-03-20;1;2;7;8;10;11;12;13;14;17;18;19;22;24;25
883;2013-03-22;3;5;6;7;8;9;10;12;16;17;18;19;21;22;25
884;2013-03-25;1;4;7;8;9;10;12;13;15;17;18;19;20;21;25
885;2013-03-27;2;5;7;8;9;11;12;15;16;17;18;19;22;23;24
886;2013-03-30;1;3;4;7;8;10;11;12;13;15;16;17;20;21;23
887;2013-04-01;1;6;8;10;11;12;15;17;18;19;20;21;23;24;25
888;2013-04-03;1;3;6;11;12;13;14;16;17;18;19;20;21;22;24
889;2013-04-05;2;4;5;6;7;9;11;12;13;16;18;19;21;22;25
890;2013-04-08;1;2;3;4;5;6;7;8;11;16;17;18;19;23;24
891;2013-04-10;1;5;6;7;8;12;14;15;16;17;19;21;23;24;25
892;2013-04-12;1;2;3;5;6;10;13;14;16;17;19;20;21;22;24
893;2013-04-15;1;2;3;4;5;6;8;9;11;15;16;20;22;23;24
894;2013-04-17;1;2;5;6;9;12;13;14;15;18;19;21;22;24;25
895;2013-04-19;2;3;4;5;6;8;11;12;13;16;17;18;19;21;25
896;2013-04-22;1;2;3;4;6;7;8;12;13;15;17;18;19;20;23
897;2013-04-24;1;2;5;7;8;9;10;11;13;14;16;17;18;21;23
898;2013-04-26;1;4;6;8;9;10;11;12;13;14;18;20;21;24;25
899;2013-04-29;1;4;7;9;10;12;14;15;16;17;18;20;21;23;25
900;2013-05-03;1;2;6;7;8;10;11;12;13;15;18;20;22;24;25
901;2013-05-06;1;2;4;6;7;10;12;13;14;16;18;22;23;24;25
902;2013-05-08;1;2;3;4;5;6;8;9;11;17;20;21;23;24;25
903;2013-05-10;1;2;3;4;5;6;8;10;11;13;15;16;18;20;22
904;2013-05-13;1;5;6;7;9;10;12;13;16;17;18;19;20;22;24
905;2013-05-15;1;4;6;8;10;11;12;13;14;16;17;20;21;22;23
906;2013-05-17;1;2;3;5;6;7;8;9;10;12;17;18;21;22;24
907;2013-05-20;2;3;4;5;7;8;10;13;14;15;16;20;21;22;23
908;2013-05-22;1;2;4;6;7;9;10;12;13;15;17;18;23;24;25
909;2013-05-24;1;2;3;5;6;7;8;10;11;12;13;18;20;21;22
910;2013-05-27;3;4;5;6;8;9;11;13;16;17;18;19;20;24;25
911;2013-05-29;1;2;3;5;6;8;11;13;15;17;21;22;23;24;25
912;2013-05-31;2;3;4;7;10;14;15;16;17;18;19;20;21;22;23
913;2013-06-03;3;4;5;6;10;12;13;15;17;18;19;20;22;24;25
914;2013-06-05;1;3;4;5;6;10;11;12;15;17;18;20;22;23;24
915;2013-06-07;1;2;4;5;6;8;10;11;13;18;20;22;23;24;25
916;2013-06-10;1;2;3;4;5;6;7;11;13;14;17;18;19;23;24
917;2013-06-12;1;2;3;4;5;6;11;13;14;17;19;20;21;22;24
918;2013-06-14;1;2;3;4;6;8;9;13;14;15;16;17;21;22;23
919;2013-06-17;1;2;3;4;5;7;9;10;11;13;14;17;19;21;22
920;2013-06-19;1;2;3;4;5;6;10;12;13;15;16;19;20;22;23
921;2013-06-21;1;2;3;4;7;9;12;15;16;17;18;19;21;24;25
922;2013-06-24;2;4;5;6;8;9;12;15;16;17;20;21;22;23;24
923;2013-06-26;1;3;4;5;6;7;10;12;14;15;19;20;22;24;25
924;2013-06-28;1;2;6;7;8;9;10;12;14;16;17;18;19;20;24
925;2013-07-01;1;3;4;6;7;9;12;13;14;15;16;22;23;24;25
926;2013-07-03;1;5;6;7;8;9;10;11;12;13;14;15;19;21;24
927;2013-07-05;2;3;5;6;9;11;13;14;16;17;20;21;22;23;25
928;2013-07-08;1;4;6;8;9;10;11;12;14;15;17;19;23;24;25
929;2013-07-10;1;2;4;5;7;8;9;10;11;14;18;20;21;23;25
930;2013-07-12;2;3;5;6;9;11;12;14;15;16;20;22;23;24;25
931;2013-07-15;2;3;5;6;8;10;11;12;14;16;19;20;22;24;25
932;2013-07-17;1;4;5;8;12;13;14;15;16;18;20;21;22;23;25
933;2013-07-19;2;3;4;5;6;7;10;11;14;15;16;17;19;23;24
934;2013-07-22;2;3;4;8;9;10;11;14;19;20;21;22;23;24;25
935;2013-07-24;1;2;3;4;5;6;7;9;10;12;14;18;19;22;23
936;2013-07-26;1;2;3;4;6;7;8;13;15;17;18;19;20;23;25
937;2013-07-29;1;2;6;9;10;11;12;13;14;16;19;20;23;24;25
938;2013-07-31;2;3;4;6;7;10;11;13;15;16;17;18;19;20;25
939;2013-08-02;1;4;5;6;7;9;10;11;15;16;18;19;20;21;25
940;2013-08-05;2;3;4;6;7;9;13;14;16;17;18;19;20;24;25
941;2013-08-07;1;2;3;4;5;7;8;9;10;11;15;16;18;23;25
942;2013-08-09;1;3;4;5;6;7;11;12;13;18;19;20;21;22;24
943;2013-08-12;3;4;5;6;9;10;12;13;14;15;17;18;21;22;23
944;2013-08-14;1;8;9;10;11;12;13;14;16;17;18;19;21;24;25
945;2013-08-16;2;3;4;5;6;9;11;13;18;19;20;21;23;24;25
946;2013-08-19;1;7;8;9;10;14;16;17;18;19;20;21;22;24;25
947;2013-08-21;1;2;3;5;7;9;10;11;12;15;16;18;20;22;24
948;2013-08-23;1;2;5;6;8;9;11;13;16;17;18;19;21;22;24
949;2013-08-26;1;6;7;8;9;10;11;12;13;14;15;16;17;21;23
950;2013-08-28;2;4;5;7;8;9;12;13;14;17;18;19;20;21;25
951;2013-08-30;3;7;8;9;10;13;14;15;17;19;20;21;22;23;25
952;2013-09-07;1;3;4;6;8;11;12;14;17;18;19;21;22;23;25
953;2013-09-09;1;2;5;6;7;9;10;12;13;14;15;16;18;21;24
954;2013-09-11;3;5;6;8;10;11;12;13;14;16;18;20;23;24;25
955;2013-09-13;1;2;4;5;7;9;10;11;12;13;14;16;18;21;24
956;2013-09-16;2;3;4;5;6;8;11;12;13;16;17;18;19;21;22
957;2013-09-18;1;3;4;5;6;7;8;13;15;16;21;22;23;24;25
958;2013-09-20;1;4;5;6;9;12;13;14;16;17;19;20;21;22;24
959;2013-09-23;2;5;6;9;11;12;14;16;19;20;21;22;23;24;25
960;2013-09-25;1;2;3;4;6;7;10;12;14;16;17;18;20;21;24
961;2013-09-27;1;2;3;4;5;7;9;11;12;15;18;20;21;22;25
962;2013-09-30;1;4;6;8;9;11;13;14;15;17;20;21;22;23;25
963;2013-10-02;3;4;6;7;9;10;11;14;15;16;17;18;19;23;24
964;2013-10-04;1;2;3;4;7;9;10;11;15;17;18;19;20;21;23
965;2013-10-07;3;4;8;9;10;11;13;14;15;16;18;19;21;22;24
966;2013-10-09;2;3;4;5;6;7;8;10;11;12;17;19;21;22;25
967;2013-10-11;2;3;4;6;8;9;10;11;16;17;20;21;22;23;25
968;2013-10-14;2;3;4;5;7;9;11;13;14;16;18;19;20;21;25
969;2013-10-16;1;3;4;5;9;10;11;12;16;17;18;19;20;22;24
970;2013-10-18;1;3;6;8;9;10;12;15;17;18;19;20;21;23;24
971;2013-10-21;3;4;5;6;7;9;10;11;18;20;21;22;23;24;25
972;2013-10-23;1;3;6;8;11;13;14;15;16;20;21;22;23;24;25
973;2013-10-25;1;2;3;5;6;8;11;14;15;18;20;21;22;24;25
974;2013-10-28;1;4;6;7;8;9;10;12;14;15;17;19;21;22;24
975;2013-10-30;1;2;4;6;7;10;11;12;13;14;16;17;19;20;24
976;2013-11-01;1;2;3;4;6;7;10;11;13;14;19;21;23;24;25
977;2013-11-04;1;2;6;7;8;10;11;13;14;17;18;20;22;23;24
978;2013-11-06;3;4;5;6;7;8;9;11;12;13;14;15;16;18;25
979;2013-11-08;2;5;6;7;8;9;10;14;16;19;21;22;23;24;25
980;2013-11-11;1;2;6;7;8;9;10;11;12;13;17;20;21;22;24
981;2013-11-13;1;2;3;4;6;8;9;12;16;18;19;21;22;24;25
982;2013-11-16;1;3;4;5;6;7;9;13;14;17;18;20;21;23;24
983;2013-11-18;2;4;5;6;7;8;10;11;14;15;16;18;19;21;25
984;2013-11-20;2;4;8;9;10;11;12;13;15;20;21;22;23;24;25
985;2013-11-22;3;4;6;7;9;12;13;14;17;18;21;22;23;24;25
986;2013-11-25;1;2;5;7;11;13;14;15;16;18;20;21;22;23;24
987;2013-11-27;2;4;5;6;7;9;11;12;13;15;18;19;20;22;23
988;2013-11-29;1;3;5;7;9;11;12;13;15;16;17;19;20;24;25
989;2013-12-02;3;4;6;8;9;10;13;14;15;17;18;19;22;23;24
990;2013-12-04;1;5;6;7;8;10;11;12;13;15;16;19;20;22;24
991;2013-12-06;1;2;5;6;7;9;12;14;15;17;18;21;22;24;25
992;2013-12-09;1;3;4;5;7;8;9;10;11;13;15;17;19;20;24
993;2013-12-11;2;4;5;7;9;10;12;14;17;20;21;22;23;24;25
994;2013-12-13;3;5;7;8;9;11;12;13;14;15;16;18;22;23;25
995;2013-12-16;1;2;3;4;7;8;9;12;13;14;17;20;22;23;24
996;2013-12-18;2;3;4;6;7;9;13;16;17;18;20;21;23;24;25
997;2013-12-20;2;4;5;7;9;10;12;15;16;17;18;19;22;23;24
998;2013-12-23;1;2;3;4;5;9;11;12;14;17;19;20;21;22;23
999;2013-12-27;1;2;5;6;7;8;10;12;13;14;15;16;18;21;24
1000;2013-12-30;2;3;4;8;11;12;13;14;15;16;17;18;19;20;22
1001;2014-01-03;5;6;7;8;10;11;12;13;14;17;19;20;21;23;25
1002;2014-01-06;3;4;8;10;12;13;14;15;16;17;18;20;21;22;24
1003;2014-01-09;1;2;3;6;8;10;12;14;16;17;19;20;21;23;25
1004;2014-01-10;1;2;3;6;10;12;14;15;18;19;20;21;22;24;25
1005;2014-01-13;1;5;7;9;10;12;14;15;16;18;19;20;21;22;24
1006;2014-01-15;1;3;4;5;6;7;9;13;14;15;16;20;22;23;24
1007;2014-01-17;1;2;3;6;7;9;10;11;12;18;20;22;23;24;25
1008;2014-01-20;1;3;6;7;8;9;10;12;13;16;17;18;19;21;22
1009;2014-01-22;2;4;6;9;10;11;12;14;15;17;18;19;20;22;24
1010;2014-01-24;1;2;4;6;8;10;11;13;14;15;16;19;21;22;23
1011;2014-01-27;1;3;4;5;7;9;10;13;15;17;18;19;23;24;25
1012;2014-01-29;1;2;7;9;11;12;14;15;16;17;18;21;22;24;25
1013;2014-01-31;1;2;3;4;5;7;10;11;13;17;18;19;20;21;23
1014;2014-02-03;1;2;8;9;10;12;13;14;17;18;20;22;23;24;25
1015;2014-02-05;1;2;3;5;6;7;8;13;15;16;17;18;20;21;23
1016;2014-02-07;1;2;3;5;6;11;12;14;15;16;19;20;21;23;25
1017;2014-02-10;1;2;3;4;8;9;10;11;12;15;16;17;19;21;23
1018;2014-02-12;2;4;5;7;8;10;11;12;14;16;17;18;19;22;24
1019;2014-02-14;1;2;3;4;5;7;8;10;12;17;18;20;21;22;23
1020;2014-02-17;2;3;5;7;9;11;12;13;15;16;18;19;20;21;24
1021;2014-02-19;1;5;6;9;10;13;14;15;16;18;19;20;21;22;23
1022;2014-02-21;1;3;4;5;7;8;9;10;14;16;18;21;22;24;25
1023;2014-02-24;1;2;3;6;7;8;9;11;13;14;16;18;21;22;23
1024;2014-02-26;1;2;4;7;9;10;11;12;13;14;17;20;21;22;23
1025;2014-02-28;1;2;7;9;11;13;14;15;16;17;18;19;22;23;25
1026;2014-03-05;1;5;6;7;11;12;14;15;16;18;19;20;21;23;24
1027;2014-03-07;1;3;5;6;8;9;10;12;14;15;16;19;21;23;25
1028;2014-03-10;4;5;6;7;8;9;10;11;16;17;19;20;23;24;25
1029;2014-03-12;1;2;3;6;8;11;13;14;17;18;19;22;23;24;25
1030;2014-03-14;1;2;3;4;8;9;10;11;15;16;17;18;19;20;23
1031;2014-03-17;1;2;4;5;6;9;11;12;14;15;17;19;20;22;24
1032;2014-03-19;1;2;3;4;6;8;10;11;13;14;16;17;18;20;23
1033;2014-03-21;3;4;6;7;8;12;13;14;16;17;18;21;22;23;24
1034;2014-03-24;2;3;4;6;8;10;12;13;14;17;18;19;20;21;23
1035;2014-03-26;4;6;7;9;12;13;14;15;18;19;20;21;22;23;25
1036;2014-03-28;4;5;7;9;10;11;12;14;17;18;19;20;21;22;24
1037;2014-03-31;1;5;6;9;10;11;12;15;17;18;20;21;23;24;25
1038;2014-04-02;2;6;7;8;9;10;13;16;17;18;19;20;21;24;25
1039;2014-04-04;1;2;3;8;9;12;13;14;15;18;19;20;21;22;24
1040;2014-04-07;1;2;4;6;8;9;10;12;13;16;20;21;22;23;25
1041;2014-04-09;1;3;5;7;10;12;13;15;17;19;20;21;23;24;25
1042;2014-04-11;1;3;6;7;8;9;10;11;14;15;16;19;21;22;24
1043;2014-04-14;1;2;6;7;8;9;10;11;12;14;17;18;19;24;25
1044;2014-04-16;2;4;5;6;7;8;10;11;12;15;17;20;23;24;25
1045;2014-04-19;2;3;5;6;9;11;15;16;17;20;21;22;23;24;25
1046;2014-04-23;3;4;5;7;8;11;12;13;14;18;20;21;22;23;25
1047;2014-04-25;4;7;8;9;10;11;12;15;16;17;20;21;22;24;25
1048;2014-04-28;1;2;3;5;6;7;9;10;15;16;17;18;20;21;25
1049;2014-04-30;2;4;5;9;12;14;16;17;18;19;20;21;22;23;25
1050;2014-05-02;1;4;6;7;10;12;13;15;16;17;19;21;22;24;25
1051;2014-05-05;2;3;4;7;8;10;11;13;14;16;18;20;21;23;25
1052;2014-05-07;1;3;4;5;6;8;10;11;16;17;18;20;21;23;24
1053;2014-05-09;1;2;3;4;6;11;12;13;14;15;17;18;22;23;24
1054;2014-05-12;2;3;4;5;6;9;12;13;15;16;17;18;20;24;25
1055;2014-05-14;1;2;3;7;8;9;10;12;13;14;18;22;23;24;25
1056;2014-05-16;2;4;5;6;8;9;10;11;14;15;18;19;21;22;23
1057;2014-05-19;1;4;6;7;8;9;11;13;14;16;19;20;21;23;25
1058;2014-05-21;4;5;6;7;9;12;13;16;17;18;20;21;22;24;25
1059;2014-05-23;1;2;3;5;7;8;11;14;15;16;19;20;21;22;24
1060;2014-05-26;1;2;4;5;7;8;13;14;15;16;17;20;21;22;23
1061;2014-05-28;2;3;5;7;8;9;12;14;15;16;19;21;22;23;24
1062;2014-05-30;3;4;5;7;8;9;11;13;15;16;17;19;20;23;25
1063;2014-06-02;2;5;6;7;10;12;13;14;15;16;20;21;22;24;25
1064;2014-06-04;2;3;7;8;9;10;11;14;15;16;18;19;21;24;25
1065;2014-06-06;2;3;4;5;6;12;14;15;17;19;20;21;22;24;25
1066;2014-06-09;2;4;5;6;10;11;14;16;17;18;19;21;22;23;24
1067;2014-06-11;1;2;3;4;5;7;10;11;13;14;15;17;21;22;25
1068;2014-06-13;2;6;7;10;11;13;14;15;16;17;18;20;21;22;24
1069;2014-06-16;1;3;4;8;10;11;12;13;15;16;17;22;23;24;25
1070;2014-06-18;4;9;10;11;12;13;16;18;19;20;21;22;23;24;25
1071;2014-06-20;2;3;4;5;6;10;11;12;13;14;16;17;21;22;24
1072;2014-06-23;1;2;3;4;5;7;9;13;14;15;17;20;22;23;25
1073;2014-06-25;1;3;4;5;6;7;13;16;17;19;20;21;22;23;24
1074;2014-06-27;1;4;7;8;9;10;11;13;17;20;21;22;23;24;25
1075;2014-06-30;1;2;6;9;10;12;15;16;17;18;21;22;23;24;25
1076;2014-07-02;4;9;10;11;12;13;14;15;16;17;18;20;21;22;25
1077;2014-07-04;1;2;5;6;7;8;10;12;13;14;15;19;20;21;24
1078;2014-07-07;2;4;5;6;7;9;10;11;13;17;18;21;23;24;25
1079;2014-07-09;5;6;7;8;11;13;14;15;16;17;19;20;21;22;24
1080;2014-07-11;2;3;5;6;10;11;12;14;15;16;17;21;22;23;25
1081;2014-07-14;1;5;6;7;10;12;13;14;15;16;18;19;21;22;23
1082;2014-07-16;3;7;9;10;11;13;15;16;17;18;19;21;22;23;24
1083;2014-07-18;1;2;3;4;6;11;13;16;17;18;20;21;22;23;24
1084;2014-07-21;1;2;3;4;5;6;7;9;10;13;17;18;21;24;25
1085;2014-07-23;3;6;7;8;9;10;14;16;18;19;21;22;23;24;25
1086;2014-07-25;2;4;5;7;10;12;13;15;17;18;19;21;22;23;24
1087;2014-07-28;2;3;4;6;9;12;13;16;17;18;19;20;21;23;24
1088;2014-07-30;1;2;3;5;6;7;9;10;12;13;18;19;20;22;23
1089;2014-08-01;2;3;4;6;8;12;13;14;15;16;19;21;22;23;24
1090;2014-08-04;3;5;8;9;10;11;13;14;15;17;18;20;21;22;24
1091;2014-08-06;2;4;5;6;7;9;10;12;13;14;16;20;23;24;25
1092;2014-08-08;4;5;8;9;11;12;13;14;15;18;19;20;22;24;25
1093;2014-08-11;1;2;4;5;6;9;10;11;13;18;21;22;23;24;25
1094;2014-08-13;1;2;3;4;5;6;8;9;10;12;14;16;19;22;25
1095;2014-08-15;2;3;5;6;7;9;15;16;17;18;21;22;23;24;25
1096;2014-08-18;1;2;4;7;8;10;12;13;14;15;20;21;22;23;25
1097;2014-08-20;4;5;6;9;10;12;14;15;16;18;19;20;23;24;25
1098;2014-08-22;3;4;5;7;8;10;11;12;14;15;16;18;23;24;25
1099;2014-08-25;2;3;6;7;8;11;12;13;14;16;21;22;23;24;25
1100;2014-08-27;5;6;7;9;10;11;12;14;15;16;18;19;20;23;24
1101;2014-08-29;1;2;3;6;9;10;11;13;15;17;18;19;23;24;25
1102;2014-09-07;2;3;5;6;8;12;14;15;18;19;20;21;22;23;24
1103;2014-09-08;2;4;5;7;9;10;11;12;14;16;18;20;21;22;25
1104;2014-09-10;2;5;6;8;9;11;13;14;15;16;18;19;21;22;23
1105;2014-09-12;1;2;4;6;7;9;11;13;15;17;18;20;23;24;25
1106;2014-09-15;2;3;4;9;10;11;12;13;14;15;16;19;21;23;24
1107;2014-09-17;1;2;4;8;9;10;11;12;14;16;18;19;20;21;24
1108;2014-09-19;1;2;4;5;7;8;9;12;13;14;17;21;22;24;25
1109;2014-09-22;1;4;5;6;7;8;9;10;11;17;18;19;20;21;25
1110;2014-09-24;1;2;3;4;6;9;10;15;17;18;19;20;22;24;25
1111;2014-09-26;2;3;4;6;9;11;12;13;14;15;16;22;23;24;25
1112;2014-09-29;1;2;3;6;7;8;12;13;15;16;17;18;20;22;24
1113;2014-10-01;1;3;6;7;9;12;13;14;15;17;19;20;22;24;25
1114;2014-10-03;1;2;3;4;5;6;8;10;11;12;15;18;19;20;22
1115;2014-10-06;2;3;7;8;9;10;11;12;17;18;20;22;23;24;25
1116;2014-10-08;1;2;3;4;5;6;9;12;15;17;18;21;22;24;25
1117;2014-10-10;1;2;3;5;7;8;11;12;13;14;15;16;19;21;23
1118;2014-10-13;1;2;5;6;8;10;11;13;14;15;20;21;23;24;25
1119;2014-10-15;1;2;3;5;6;7;8;10;12;14;15;17;18;20;23
1120;2014-10-17;2;4;5;6;8;9;10;12;13;14;16;17;18;19;24
1121;2014-10-20;1;2;4;5;6;8;9;11;12;17;18;20;22;23;25
1122;2014-10-22;2;3;7;10;11;12;13;14;16;19;20;21;23;24;25
1123;2014-10-24;2;4;6;7;8;10;11;13;15;16;17;19;22;23;24
1124;2014-10-27;1;3;4;5;6;8;10;12;13;15;19;21;22;24;25
1125;2014-10-29;1;3;4;6;9;11;12;13;15;16;17;18;21;22;25
1126;2014-10-31;3;5;6;7;8;12;13;16;17;18;19;22;23;24;25
1127;2014-11-03;1;3;4;6;8;9;11;13;14;15;16;17;22;23;24
1128;2014-11-05;1;2;3;4;6;7;10;11;12;14;16;17;20;24;25
1129;2014-11-07;2;3;4;5;7;8;12;13;16;17;18;19;21;22;23
1130;2014-11-10;1;2;5;8;10;11;12;13;14;15;17;20;22;24;25
1131;2014-11-12;2;3;4;6;12;14;15;16;17;19;20;21;22;24;25
1132;2014-11-14;1;2;6;7;8;9;11;12;13;14;17;21;22;23;24
1133;2014-11-17;2;4;5;6;7;8;9;10;12;13;14;16;18;24;25
1134;2014-11-19;1;2;4;8;10;11;12;13;14;15;17;18;20;23;25
1135;2014-11-21;3;4;5;8;9;10;12;15;16;17;18;19;23;24;25
1136;2014-11-24;1;2;5;6;7;9;10;11;15;17;18;19;21;22;24
1137;2014-11-26;2;4;5;7;8;9;10;11;12;15;19;20;21;23;25
1138;2014-11-28;1;2;3;5;6;7;10;11;13;15;16;18;20;21;22
1139;2014-12-01;1;2;3;6;11;13;14;15;16;17;18;19;21;22;25
1140;2014-12-03;3;4;5;6;7;8;10;15;18;19;20;21;23;24;25
1141;2014-12-05;5;6;9;10;11;12;13;15;16;17;18;22;23;24;25
1142;2014-12-08;2;4;7;8;9;10;12;13;15;16;19;20;22;23;24
1143;2014-12-10;1;3;4;6;10;11;12;13;14;16;17;18;23;24;25
1144;2014-12-12;2;3;4;6;7;8;10;13;14;17;18;19;23;24;25
1145;2014-12-15;3;4;5;6;8;9;11;13;14;15;16;17;18;23;24
1146;2014-12-17;2;3;4;5;7;11;13;15;17;18;19;21;22;24;25
1147;2014-12-19;1;6;7;8;9;11;12;14;15;16;18;19;20;22;25
1148;2014-12-22;1;3;4;5;6;9;10;13;14;16;17;18;19;20;24
1149;2014-12-24;1;2;3;6;7;8;10;12;15;17;18;19;21;22;23
1150;2014-12-26;5;7;8;9;11;12;13;14;15;17;18;20;22;23;24
1151;2014-12-29;1;3;7;9;10;11;12;14;15;16;20;21;22;24;25
1152;2014-12-31;3;4;5;7;8;9;10;12;16;18;19;20;21;22;25
1153;2015-01-02;1;2;3;5;6;8;9;12;13;15;18;19;20;24;25
1154;2015-01-05;1;3;4;5;10;11;13;15;16;17;19;21;23;24;25
1155;2015-01-07;1;2;3;4;8;9;12;13;15;16;18;19;22;24;25
1156;2015-01-09;1;3;4;6;7;11;12;13;14;15;17;21;22;24;25
1157;2015-01-12;2;4;5;6;7;8;11;12;13;15;16;18;21;22;24
1158;2015-01-14;2;3;5;7;10;13;14;15;16;17;19;20;22;24;25
1159;2015-01-16;1;2;3;4;6;8;9;14;15;16;17;22;23;24;25
1160;2015-01-19;2;4;5;6;7;8;10;11;15;16;17;18;21;22;25
1161;2015-01-21;1;2;4;5;6;8;10;11;15;17;18;19;22;24;25
1162;2015-01-23;1;3;4;7;9;11;13;15;18;19;20;21;23;24;25
1163;2015-01-26;2;6;7;9;11;12;13;14;16;17;19;20;21;23;24
1164;2015-01-28;3;4;5;8;10;11;13;15;17;20;21;22;23;24;25
1165;2015-01-30;1;2;3;5;8;9;10;12;15;17;18;19;21;22;25
1166;2015-02-02;2;4;5;6;9;10;12;14;15;17;18;19;20;21;24
1167;2015-02-04;1;2;4;5;7;8;9;11;12;14;15;16;18;21;23
1168;2015-02-06;1;3;4;5;7;8;9;10;11;13;16;19;23;24;25
1169;2015-02-09;2;3;4;7;8;9;12;15;16;17;18;21;22;24;25
1170;2015-02-11;1;2;4;7;8;10;13;15;16;18;19;20;21;22;25
1171;2015-02-13;1;7;8;11;12;13;14;15;16;17;18;20;21;22;23
1172;2015-02-18;2;6;8;9;10;11;12;13;14;16;19;20;23;24;25
1173;2015-02-20;1;2;4;5;7;8;9;11;14;16;18;19;20;21;22
1174;2015-02-23;1;2;3;5;6;8;9;10;11;13;15;17;18;19;23
1175;2015-02-25;1;3;4;8;10;12;13;14;15;19;20;21;23;24;25
1176;2015-02-27;2;3;5;7;10;11;12;13;15;16;18;19;20;23;25
1177;2015-03-02;2;3;5;6;8;9;10;11;12;16;17;20;22;23;25
1178;2015-03-04;1;4;7;8;9;11;12;16;17;18;19;20;21;23;24
1179;2015-03-06;1;2;3;5;6;7;8;9;13;15;18;19;20;21;25
1180;2015-03-09;1;2;6;7;8;9;10;11;13;14;15;19;20;22;23
1181;2015-03-11;3;4;5;6;7;8;9;11;13;14;20;21;22;23;24
1182;2015-03-13;3;6;7;8;10;12;13;16;18;19;20;21;22;24;25
1183;2015-03-16;1;3;4;9;11;13;14;15;16;18;19;20;22;24;25
1184;2015-03-18;2;4;6;7;10;11;12;14;16;17;18;19;20;21;25
1185;2015-03-20;3;5;6;7;9;13;14;16;18;19;21;22;23;24;25
1186;2015-03-23;1;2;4;5;6;9;11;14;15;16;18;20;22;23;24
1187;2015-03-25;1;2;4;7;8;10;11;12;14;16;19;21;22;23;25
1188;2015-03-27;1;2;4;5;6;8;10;12;13;14;18;20;22;23;24
1189;2015-03-30;3;4;5;8;9;12;13;14;15;17;18;19;20;21;25
1190;2015-04-01;2;3;4;6;9;10;11;14;15;16;17;21;22;23;25
1191;2015-04-04;1;2;3;5;7;10;12;13;14;16;17;18;22;24;25
1192;2015-04-06;1;2;3;4;5;6;9;11;12;13;15;16;19;20;21
1193;2015-04-08;1;4;7;8;9;10;13;14;15;18;19;20;22;23;25
1194;2015-04-10;2;4;8;9;10;12;15;16;17;18;19;22;23;24;25
1195;2015-04-13;1;5;6;9;10;11;12;14;15;17;18;19;20;22;25
1196;2015-04-15;1;2;4;6;7;8;9;11;12;16;17;18;19;20;23
1197;2015-04-17;1;4;5;6;7;8;11;13;14;16;17;18;20;24;25
1198;2015-04-20;1;3;4;6;7;9;10;11;15;17;20;21;22;23;25
1199;2015-04-22;1;2;3;4;5;6;10;14;15;16;19;21;22;24;25
1200;2015-04-24;3;4;5;6;7;8;10;11;12;14;15;16;22;24;25
1201;2015-04-27;5;6;9;10;11;14;16;18;19;20;21;22;23;24;25
1202;2015-04-29;2;3;4;8;10;13;14;16;17;18;19;20;23;24;25
1203;2015-05-02;1;2;3;5;6;11;12;13;14;15;17;22;23;24;25
1204;2015-05-04;1;2;5;7;8;9;12;13;15;16;19;20;21;22;23
1205;2015-05-06;1;3;6;8;9;11;12;14;17;18;20;21;22;24;25
1206;2015-05-08;1;3;5;7;10;11;13;14;15;18;21;22;23;24;25
1207;2015-05-11;1;3;4;7;9;10;11;12;13;14;15;18;19;21;24
1208;2015-05-13;1;2;3;4;5;10;11;14;15;18;19;20;22;24;25
1209;2015-05-15;3;4;5;7;8;9;10;11;14;15;16;18;19;20;24
1210;2015-05-18;1;2;4;8;10;11;13;15;16;18;19;20;21;22;25
1211;2015-05-20;1;2;3;5;7;10;11;12;13;15;16;17;20;23;24
1212;2015-05-22;1;2;3;5;6;7;8;9;10;15;16;17;18;20;24
1213;2015-05-25;2;3;5;6;7;8;9;10;14;17;18;20;23;24;25
1214;2015-05-27;1;2;3;4;5;7;8;9;13;14;18;19;20;21;23
1215;2015-05-29;3;7;9;11;12;13;14;15;16;17;18;20;21;22;24
1216;2015-06-01;1;2;3;7;10;12;14;15;17;18;20;21;22;23;24
1217;2015-06-03;1;3;6;7;8;9;10;11;12;13;17;19;20;24;25
1218;2015-06-05;1;2;3;4;5;7;9;10;11;13;14;18;20;21;23
1219;2015-06-08;2;3;4;5;6;8;9;10;14;16;19;20;22;23;25
1220;2015-06-10;2;3;4;5;6;7;9;13;14;17;18;19;20;23;25
1221;2015-06-12;2;3;4;6;9;10;12;14;15;18;19;21;22;23;24
1222;2015-06-15;1;2;3;4;5;8;9;10;11;13;15;17;20;22;24
1223;2015-06-17;2;6;7;8;9;10;13;14;16;17;18;20;21;22;23
1224;2015-06-19;1;2;4;5;6;8;9;11;12;14;15;16;17;18;19
1225;2015-06-22;2;3;5;7;11;13;14;15;17;18;20;21;23;24;25
1226;2015-06-24;1;3;5;7;8;10;11;14;15;17;19;21;22;23;24
1227;2015-06-26;1;2;7;8;9;10;11;12;13;14;17;19;21;22;25
1228;2015-06-29;1;2;3;4;6;7;9;10;12;13;17;20;22;23;24
1229;2015-07-01;1;2;3;5;6;7;8;13;14;17;19;20;22;24;25
1230;2015-07-03;1;2;3;5;6;7;8;10;11;12;13;17;18;19;21
1231;2015-07-06;1;3;4;5;7;8;12;13;15;16;18;20;21;22;25
1232;2015-07-08;2;3;5;6;9;10;13;14;15;16;19;21;23;24;25
1233;2015-07-10;1;4;5;9;10;13;14;15;16;17;18;19;22;23;25
1234;2015-07-13;1;2;5;8;9;10;14;16;17;18;19;20;21;24;25
1235;2015-07-15;1;2;3;4;6;9;10;11;12;13;15;17;18;20;24
1236;2015-07-17;1;2;3;5;6;7;9;10;11;12;13;17;19;23;25
1237;2015-07-20;3;5;6;7;8;9;10;12;13;14;18;21;22;24;25
1238;2015-07-22;2;3;5;7;8;9;11;13;14;15;16;17;18;21;25
1239;2015-07-24;5;6;8;9;10;11;12;13;14;15;16;18;20;22;24
1240;2015-07-27;1;2;3;4;5;6;9;12;13;16;18;19;20;22;24
1241;2015-07-29;1;4;5;8;9;10;11;12;13;15;17;20;22;24;25
1242;2015-07-31;1;2;4;5;7;11;14;15;16;19;20;21;23;24;25
1243;2015-08-03;1;2;4;5;6;8;12;13;14;15;16;17;22;24;25
1244;2015-08-05;1;3;5;7;9;10;11;12;13;16;17;19;21;23;25
1245;2015-08-07;2;3;4;5;6;8;9;11;15;16;17;18;19;21;25
1246;2015-08-10;1;4;7;8;9;10;12;13;16;17;18;19;22;24;25
1247;2015-08-12;2;3;7;8;9;11;15;16;17;18;19;20;23;24;25
1248;2015-08-14;1;3;5;10;11;12;13;15;16;17;19;20;22;24;25
1249;2015-08-17;3;4;5;6;9;12;13;14;15;18;19;20;22;24;25
1250;2015-08-19;2;3;4;5;7;9;10;14;15;17;18;19;20;24;25
1251;2015-08-21;2;6;7;8;9;10;14;15;16;17;19;20;21;23;25
1252;2015-08-24;1;3;4;5;6;8;9;10;11;12;15;20;21;23;24
1253;2015-08-26;1;2;3;5;6;7;11;15;16;18;20;22;23;24;25
1254;2015-08-28;2;3;8;9;11;12;14;15;16;17;18;20;21;22;23
1255;2015-09-08;1;2;4;6;7;9;10;13;14;16;18;20;21;23;25
1256;2015-09-09;1;2;6;8;10;11;12;13;14;15;16;18;19;22;23
1257;2015-09-11;1;2;5;6;8;10;11;12;13;14;16;19;20;22;25
1258;2015-09-14;2;3;4;5;6;8;9;10;12;13;14;20;21;23;25
1259;2015-09-16;2;5;8;9;10;13;14;16;17;18;19;20;22;23;25
1260;2015-09-18;1;2;3;4;5;6;7;11;14;15;17;18;20;22;24
1261;2015-09-21;1;4;5;7;10;12;15;16;17;18;19;20;21;22;25
1262;2015-09-23;1;3;4;6;8;11;12;13;16;17;20;21;22;23;24
1263;2015-09-25;3;4;5;8;9;10;11;12;13;16;18;20;22;23;25
1264;2015-09-28;1;4;5;8;10;11;12;14;17;18;21;22;23;24;25
1265;2015-09-30;1;2;3;4;7;11;13;14;15;16;19;22;23;24;25
1266;2015-10-02;1;2;3;5;6;8;9;10;11;13;14;15;20;23;24
1267;2015-10-05;2;3;5;6;7;9;11;12;13;15;16;17;18;22;25
1268;2015-10-07;1;2;3;6;7;8;11;12;13;15;17;18;21;22;24
1269;2015-10-09;1;4;5;7;8;11;13;14;16;17;18;20;21;22;23
1270;2015-10-13;1;2;3;4;5;6;8;9;10;11;13;20;21;23;25
1271;2015-10-14;1;2;4;6;8;9;11;12;13;14;17;18;23;24;25
1272;2015-10-16;1;4;7;9;10;14;15;17;18;19;20;21;23;24;25
1273;2015-10-19;1;3;5;6;8;11;12;13;14;15;18;19;20;22;24
1274;2015-10-21;1;3;7;8;10;11;12;13;14;15;18;19;20;22;25
1275;2015-10-23;3;6;7;8;10;11;13;14;15;16;17;18;20;23;25
1276;2015-10-26;1;3;5;7;10;12;14;15;16;18;19;21;22;23;24
1277;2015-10-28;1;2;3;4;6;9;10;12;13;15;17;18;21;22;25
1278;2015-10-30;4;6;7;9;10;12;15;16;17;18;19;20;21;22;24
1279;2015-11-03;1;3;4;7;8;9;11;12;13;14;16;18;19;21;23
1280;2015-11-04;1;3;4;5;7;9;11;14;15;17;19;22;23;24;25
1281;2015-11-06;1;3;5;6;8;9;12;13;15;19;21;22;23;24;25
1282;2015-11-09;5;6;7;9;10;11;12;14;17;19;20;21;22;23;25
1283;2015-11-11;2;6;7;8;9;10;11;12;13;15;16;17;18;22;23
1284;2015-11-13;2;4;5;7;8;10;11;13;16;17;18;20;22;23;25
1285;2015-11-16;1;2;6;7;10;11;12;15;16;17;18;20;22;24;25
1286;2015-11-18;1;3;4;5;7;10;11;12;16;17;19;20;21;23;25
1287;2015-11-20;3;4;5;6;9;11;13;17;18;19;21;22;23;24;25
1288;2015-11-23;1;2;5;9;10;13;15;16;17;18;19;20;23;24;25
1289;2015-11-25;1;2;5;7;8;11;13;15;16;17;18;20;22;24;25
1290;2015-11-27;1;3;4;5;6;11;13;14;16;19;20;21;22;23;25
1291;2015-11-30;1;6;7;8;10;11;12;13;15;16;18;19;20;21;24
1292;2015-12-02;1;2;3;7;8;10;11;14;15;17;19;22;23;24;25
1293;2015-12-04;1;2;7;8;9;10;11;12;13;15;17;18;20;22;24
1294;2015-12-07;2;5;6;7;8;10;11;12;13;14;16;18;20;23;25
1295;2015-12-09;3;6;9;10;11;12;13;14;15;17;18;19;23;24;25
1296;2015-12-11;5;7;9;10;11;14;15;16;17;18;19;20;21;23;25
1297;2015-12-14;1;2;5;6;7;8;9;10;11;12;16;17;18;19;22
1298;2015-12-16;2;3;4;6;7;9;12;17;18;20;21;22;23;24;25
1299;2015-12-18;1;3;5;7;8;11;13;17;18;19;20;21;22;23;25
1300;2015-12-21;2;6;7;9;10;11;12;13;14;15;18;20;23;24;25
1301;2015-12-23;1;2;3;4;6;7;9;10;14;16;17;19;22;24;25
1302;2015-12-26;3;4;6;9;11;12;13;14;15;16;17;18;20;22;25
1303;2015-12-28;1;5;8;9;10;11;13;14;15;16;18;19;20;22;23
1304;2015-12-30;1;2;3;7;8;10;11;13;14;17;18;19;20;21;25
1305;2016-01-02;2;3;4;5;6;7;8;11;12;13;15;17;20;23;25
1306;2016-01-04;1;2;5;6;7;9;12;13;14;15;18;19;20;22;23
1307;2016-01-06;3;4;6;8;9;10;12;13;14;15;16;18;20;21;23
1308;2016-01-08;3;5;6;7;8;9;11;14;16;17;19;20;22;23;25
1309;2016-01-11;2;4;5;6;8;10;12;13;14;16;18;19;20;24;25
1310;2016-01-13;1;2;3;4;5;7;8;10;11;15;17;18;19;21;23
1311;2016-01-15;2;3;5;6;8;10;11;12;14;15;17;18;20;23;25
1312;2016-01-18;1;2;4;5;6;7;9;11;13;18;19;20;23;24;25
1313;2016-01-20;1;4;8;10;11;13;15;16;17;20;21;22;23;24;25
1314;2016-01-22;3;5;8;9;10;11;14;15;16;18;19;21;22;24;25
1315;2016-01-25;1;2;3;4;5;8;10;11;12;14;16;18;19;23;25
1316;2016-01-27;1;2;3;4;5;6;11;12;15;17;19;20;23;24;25
1317;2016-01-29;1;3;5;7;8;9;10;11;14;16;20;22;23;24;25
1318;2016-02-01;1;2;3;4;6;7;8;9;12;13;14;15;17;20;23
1319;2016-02-03;3;5;6;8;9;10;11;13;14;15;17;19;22;23;25
1320;2016-02-05;2;3;4;5;9;11;12;13;15;16;17;21;22;23;25
1321;2016-02-10;2;3;4;6;7;9;10;11;13;14;18;19;20;23;24
1322;2016-02-12;1;2;6;7;8;9;11;13;15;16;17;18;21;24;25
1323;2016-02-15;1;4;5;6;9;10;11;13;14;17;19;20;21;22;23
1324;2016-02-17;1;4;5;6;7;8;10;11;13;17;18;19;21;24;25
1325;2016-02-19;2;3;5;6;7;9;10;14;15;16;18;19;20;21;25
1326;2016-02-22;1;3;4;6;8;9;10;17;18;19;20;21;22;24;25
1327;2016-02-24;1;3;4;5;7;10;13;14;16;17;18;20;22;23;25
1328;2016-02-26;2;5;6;8;9;10;13;15;16;17;21;22;23;24;25
1329;2016-02-29;2;3;4;5;7;10;11;13;15;16;18;22;23;24;25
1330;2016-03-02;4;5;7;10;12;13;16;17;18;19;20;22;23;24;25
1331;2016-03-04;1;2;3;5;6;7;10;11;14;15;16;18;23;24;25
1332;2016-03-07;1;4;5;6;8;11;12;13;14;15;16;18;20;21;24
1333;2016-03-09;3;4;5;7;8;9;10;11;12;14;17;18;20;22;24
1334;2016-03-11;3;4;6;7;9;10;11;13;15;16;17;18;19;21;22
1335;2016-03-14;1;3;4;6;7;9;10;11;13;16;17;18;23;24;25
1336;2016-03-16;6;8;9;10;11;12;13;14;15;17;18;19;20;22;24
1337;2016-03-18;1;3;5;6;8;9;10;12;13;15;16;19;21;23;25
1338;2016-03-21;1;2;3;4;6;7;10;11;12;13;14;15;16;17;19
1339;2016-03-23;2;3;4;5;6;7;8;11;13;14;16;20;21;23;24
1340;2016-03-26;1;2;4;5;7;9;10;12;13;14;16;17;18;19;22
1341;2016-03-28;1;3;4;8;9;10;13;14;15;16;17;20;21;23;24
1342;2016-03-30;1;2;3;5;9;10;11;12;13;15;20;21;23;24;25
1343;2016-04-01;2;4;5;9;10;11;13;14;15;16;17;19;21;23;24
1344;2016-04-04;2;4;6;7;8;10;11;12;13;17;18;21;23;24;25
1345;2016-04-06;1;3;7;8;9;10;11;14;15;17;19;21;22;24;25
1346;2016-04-08;2;3;5;7;8;10;11;14;15;18;19;20;21;23;25
1347;2016-04-11;1;3;5;6;7;8;10;12;13;14;17;18;20;23;24
1348;2016-04-13;1;2;6;7;8;9;10;14;15;18;20;21;22;24;25
1349;2016-04-15;2;3;4;5;6;7;8;12;14;16;18;19;21;24;25
1350;2016-04-18;1;5;6;8;9;11;12;13;14;16;18;19;20;21;23
1351;2016-04-20;2;4;6;7;10;11;13;17;19;20;21;22;23;24;25
1352;2016-04-22;6;8;10;11;12;13;14;15;16;19;20;21;23;24;25
1353;2016-04-25;3;5;7;8;9;10;11;12;14;18;21;22;23;24;25
1354;2016-04-27;1;2;3;5;7;9;11;12;13;14;15;18;20;21;24
1355;2016-04-29;1;2;3;4;6;7;8;11;15;16;18;20;21;22;24
1356;2016-05-02;3;4;6;8;9;10;11;12;13;14;15;16;17;19;20
1357;2016-05-04;3;7;8;9;10;11;12;13;15;17;18;20;21;22;23
1358;2016-05-06;1;2;3;4;6;8;9;13;15;17;18;19;20;22;23
1359;2016-05-09;3;5;7;8;9;11;13;14;15;16;17;18;20;21;23
1360;2016-05-11;1;2;3;4;5;6;8;10;11;12;14;18;20;23;24
1361;2016-05-13;1;4;5;11;12;13;14;15;16;17;18;19;20;23;25
1362;2016-05-16;1;3;4;6;9;10;11;12;13;16;21;22;23;24;25
1363;2016-05-18;5;7;9;10;12;13;14;15;16;17;19;20;21;22;23
1364;2016-05-20;1;6;9;10;11;12;13;15;16;17;18;20;22;24;25
1365;2016-05-23;2;3;6;9;10;12;14;15;19;20;21;22;23;24;25
1366;2016-05-25;4;8;9;10;11;12;13;14;15;16;17;21;22;24;25
1367;2016-05-27;2;3;4;5;6;7;9;14;15;16;17;18;20;23;24
1368;2016-05-30;5;7;8;10;11;12;14;16;18;19;20;22;23;24;25
1369;2016-06-01;3;4;5;9;10;11;12;13;14;16;17;18;21;22;24
1370;2016-06-03;2;4;5;7;8;11;13;14;17;18;20;21;22;24;25
1371;2016-06-06;3;4;5;7;13;15;17;18;19;20;21;22;23;24;25
1372;2016-06-08;1;2;3;5;7;9;10;13;15;16;17;18;21;23;25
1373;2016-06-10;1;2;3;4;5;6;7;8;12;17;18;20;21;23;24
1374;2016-06-13;2;3;4;5;6;9;10;14;15;16;19;20;21;23;25
1375;2016-06-15;1;5;6;9;10;11;14;15;16;18;20;22;23;24;25
1376;2016-06-17;1;3;4;5;6;12;13;14;15;16;18;19;20;22;24
1377;2016-06-20;1;5;6;8;9;10;12;13;15;17;19;20;21;22;25
1378;2016-06-22;1;2;3;6;8;10;12;13;17;19;20;21;23;24;25
1379;2016-06-24;1;2;4;5;7;8;9;10;12;14;15;17;18;21;22
1380;2016-06-27;3;4;5;6;8;11;12;14;15;16;17;21;22;24;25
1381;2016-06-29;1;4;6;8;9;10;12;13;14;16;17;18;19;21;25
1382;2016-07-01;1;6;10;12;13;14;15;16;17;18;19;20;21;22;24
1383;2016-07-04;2;6;7;8;9;13;14;15;16;17;20;21;22;24;25
1384;2016-07-06;3;4;6;8;9;11;12;13;15;18;19;20;22;24;25
1385;2016-07-08;4;5;8;9;10;11;12;13;14;15;17;18;19;20;23
1386;2016-07-11;1;2;3;4;7;9;13;16;17;18;19;21;22;24;25
1387;2016-07-13;1;3;4;5;6;7;9;11;12;13;14;15;16;18;24
1388;2016-07-15;1;3;5;7;8;10;11;12;15;18;19;20;21;23;25
1389;2016-07-18;1;2;4;5;6;8;10;12;14;15;16;17;18;20;21
1390;2016-07-20;3;5;6;7;8;11;13;14;15;16;17;18;20;21;23
1391;2016-07-22;1;3;5;6;10;11;12;15;16;17;19;20;21;24;25
1392;2016-07-25;1;2;3;4;8;9;14;15;16;17;18;20;21;22;25
1393;2016-07-27;3;4;5;7;9;10;11;12;13;14;17;18;20;22;23
1394;2016-07-29;3;4;5;6;9;10;11;14;15;16;18;19;21;22;23
1395;2016-08-01;5;6;7;8;11;12;13;14;16;17;18;19;22;23;25
1396;2016-08-03;3;5;6;7;10;12;13;17;18;19;20;22;23;24;25
1397;2016-08-05;1;3;4;5;6;8;9;11;12;13;14;18;21;22;25
1398;2016-08-08;1;4;5;6;7;8;11;14;15;16;19;20;21;24;25
1399;2016-08-10;4;5;6;8;9;12;13;14;15;17;19;21;22;24;25
1400;2016-08-12;1;2;3;5;6;9;10;12;16;19;21;22;23;24;25
1401;2016-08-15;1;3;4;5;6;7;8;14;15;18;19;21;22;24;25
1402;2016-08-17;2;3;4;5;8;9;11;12;14;15;16;19;20;21;23
1403;2016-08-19;3;4;5;8;9;10;11;12;13;15;16;17;21;23;25
1404;2016-08-22;1;2;3;4;8;10;11;13;15;16;18;19;21;22;25
1405;2016-08-24;2;3;4;7;9;10;11;14;15;16;18;19;20;23;24
1406;2016-08-26;2;3;4;5;6;9;11;13;15;19;20;21;22;24;25
1407;2016-08-29;1;2;4;5;6;7;10;12;13;20;21;22;23;24;25
1408;2016-09-06;1;3;5;8;10;11;12;13;14;19;21;22;23;24;25
1409;2016-09-09;1;2;4;6;7;8;11;12;14;16;17;19;22;24;25
1410;2016-09-12;2;3;4;5;6;7;9;10;14;15;16;17;20;21;23
1411;2016-09-14;1;5;6;7;8;9;10;12;13;14;15;16;17;21;23
1412;2016-09-16;5;6;7;9;11;13;15;16;18;19;21;22;23;24;25
1413;2016-09-19;2;3;4;5;6;7;8;9;10;13;16;17;18;21;25
1414;2016-09-21;2;3;4;5;7;9;10;11;13;14;16;17;20;21;23
1415;2016-09-23;2;4;5;6;10;12;13;15;17;18;19;22;23;24;25
1416;2016-09-26;3;4;5;7;8;9;10;12;14;15;17;18;19;20;24
1417;2016-09-28;1;2;3;4;6;7;9;11;13;14;15;18;19;22;23
1418;2016-09-30;2;4;6;9;10;11;13;14;15;17;18;20;21;22;23
1419;2016-10-03;2;3;6;7;11;12;15;16;17;18;19;20;21;23;24
1420;2016-10-05;1;4;6;7;8;10;13;14;15;16;17;20;22;23;25
1421;2016-10-07;3;5;6;7;8;9;11;12;14;17;18;19;20;23;24
1422;2016-10-10;1;4;5;7;10;11;13;14;15;16;17;19;22;23;24
1423;2016-10-14;1;2;4;5;7;8;11;12;13;14;15;16;19;22;23
1424;2016-10-17;2;4;5;6;8;9;10;11;13;17;18;20;21;23;25
1425;2016-10-19;1;3;4;5;8;9;11;12;13;14;16;19;20;21;25
1426;2016-10-21;2;3;4;7;8;10;12;14;15;16;18;22;23;24;25
1427;2016-10-24;1;2;7;10;11;12;14;15;16;17;18;19;20;22;25
1428;2016-10-26;2;3;4;5;6;8;9;13;17;18;19;20;21;22;25
1429;2016-10-28;5;7;8;9;10;12;13;14;15;16;18;19;20;21;25
1430;2016-10-31;1;3;4;5;7;8;9;13;15;16;20;21;22;23;25
1431;2016-11-04;1;2;7;8;9;10;12;14;15;16;17;19;20;23;25
1432;2016-11-07;1;3;4;5;10;11;12;16;17;18;20;21;23;24;25
1433;2016-11-09;3;6;7;9;10;12;14;15;16;18;20;22;23;24;25
1434;2016-11-11;3;4;5;6;7;9;10;12;13;15;18;19;22;23;24
1435;2016-11-14;1;2;3;4;5;6;9;10;12;16;17;19;20;21;23
1436;2016-11-16;1;2;3;5;6;8;11;12;15;17;18;19;22;23;24
1437;2016-11-18;2;4;5;6;7;8;9;11;13;14;17;19;20;23;25
1438;2016-11-21;1;4;7;8;9;10;11;12;14;15;17;20;21;22;24
1439;2016-11-23;1;2;3;5;11;12;13;14;15;16;17;18;19;22;24
1440;2016-11-25;2;3;8;10;12;13;14;16;17;18;20;21;22;24;25
1441;2016-11-28;1;3;4;5;6;7;9;10;11;13;16;19;22;23;25
1442;2016-11-30;1;2;3;4;7;9;11;12;13;15;16;17;19;20;21
1443;2016-12-02;1;2;3;5;7;8;9;10;11;12;14;15;16;17;24
1444;2016-12-05;1;2;4;5;6;9;10;11;14;15;17;18;20;21;24
1445;2016-12-07;1;4;5;6;8;10;13;15;16;17;18;20;22;23;25
1446;2016-12-09;1;4;6;7;8;12;13;16;17;20;21;22;23;24;25
1447;2016-12-12;1;3;4;5;8;11;12;13;17;18;19;21;22;24;25
1448;2016-12-14;1;3;4;5;6;8;12;13;16;18;19;21;22;23;24
1449;2016-12-16;1;3;4;5;6;7;8;9;11;15;16;20;22;23;24
1450;2016-12-19;1;2;4;5;8;9;10;13;14;16;17;19;20;22;24
1451;2016-12-21;1;2;3;5;10;12;13;14;15;19;20;21;23;24;25
1452;2016-12-23;2;5;7;8;10;11;13;14;15;17;20;21;23;24;25
1453;2016-12-26;1;2;5;8;9;10;13;14;15;16;19;21;23;24;25
1454;2016-12-28;1;3;4;7;10;12;13;14;18;19;20;21;22;23;25
1455;2016-12-30;2;5;7;8;14;15;16;17;18;19;20;21;22;23;25
1456;2017-01-02;1;2;6;7;8;9;12;13;14;15;19;20;21;24;25
1457;2017-01-04;1;2;3;4;7;8;9;10;11;13;14;15;18;23;24
1458;2017-01-06;1;2;3;5;7;9;11;14;17;18;19;20;22;23;24
1459;2017-01-09;1;4;6;9;10;12;13;14;16;17;18;19;20;24;25
1460;2017-01-11;1;3;5;7;11;14;15;16;17;18;19;20;21;24;25
1461;2017-01-13;2;4;5;6;9;10;11;15;17;18;19;21;23;24;25
1462;2017-01-16;1;3;4;5;7;9;12;13;14;16;17;20;21;24;25
1463;2017-01-18;3;4;6;7;10;11;13;14;15;17;19;20;22;23;24
1464;2017-01-20;1;4;9;10;11;12;13;14;15;16;17;18;22;23;24
1465;2017-01-23;2;5;7;8;9;10;12;14;16;19;20;21;22;23;24
1466;2017-01-25;2;3;4;6;10;11;12;14;19;20;21;22;23;24;25
1467;2017-01-27;1;4;5;6;9;10;11;12;19;20;21;22;23;24;25
1468;2017-01-30;2;3;5;6;8;11;12;13;14;18;19;20;21;23;24
1469;2017-02-01;1;2;3;5;6;7;8;9;11;13;16;17;18;19;20
1470;2017-02-03;2;3;7;8;11;12;13;14;15;18;20;21;22;23;24
1471;2017-02-06;1;2;4;6;7;8;10;11;13;15;18;20;21;22;24
1472;2017-02-08;2;3;4;5;7;8;10;12;13;14;18;21;22;23;24
1473;2017-02-10;1;4;5;7;8;9;10;12;14;16;20;22;23;24;25
1474;2017-02-13;1;2;5;7;8;10;11;13;14;15;18;19;20;21;25
1475;2017-02-15;1;2;3;5;6;9;10;12;13;15;18;20;21;24;25
1476;2017-02-17;2;4;5;6;7;9;10;12;13;14;16;19;21;22;25
1477;2017-02-20;1;2;3;4;5;6;7;10;12;15;17;18;21;22;23
1478;2017-02-22;2;5;6;7;10;11;12;15;16;17;18;19;21;24;25
1479;2017-02-24;2;3;5;6;9;11;13;14;15;16;17;18;20;22;23
1480;2017-03-01;1;6;7;10;11;12;13;15;16;17;19;20;21;22;25
1481;2017-03-03;2;3;5;7;8;9;11;17;18;19;20;21;23;24;25
1482;2017-03-06;1;2;4;5;7;8;9;10;11;12;14;15;19;23;24
1483;2017-03-08;3;4;5;6;7;9;11;13;14;15;17;20;21;22;23
1484;2017-03-10;1;2;3;4;6;7;9;10;12;17;18;19;21;22;25
1485;2017-03-13;1;2;3;5;8;9;11;13;15;17;18;19;23;24;25
1486;2017-03-15;2;4;5;8;9;10;12;14;18;19;20;21;22;23;25
1487;2017-03-17;1;2;3;4;5;6;10;11;12;15;16;19;21;22;25
1488;2017-03-20;1;4;5;6;10;11;12;13;16;19;20;21;23;24;25
1489;2017-03-22;2;4;7;8;9;10;12;13;14;15;19;20;22;23;25
1490;2017-03-24;1;3;4;5;7;8;9;11;13;14;15;18;19;20;22
1491;2017-03-27;2;4;5;6;7;9;11;13;14;19;20;22;23;24;25
1492;2017-03-29;2;3;4;5;7;8;10;12;15;16;17;18;19;24;25
1493;2017-03-31;2;5;8;10;11;13;14;15;16;19;20;21;23;24;25
1494;2017-04-03;1;2;3;4;9;10;11;12;13;15;17;19;20;22;25
1495;2017-04-05;1;2;3;4;5;8;10;12;13;14;18;22;23;24;25
1496;2017-04-07;2;3;6;7;9;10;11;12;13;15;17;19;20;23;25
1497;2017-04-10;1;2;5;7;11;12;13;14;15;16;17;18;19;22;23
1498;2017-04-12;4;5;7;8;10;11;14;15;16;17;18;21;23;24;25
1499;2017-04-15;1;2;3;4;5;7;8;12;13;14;15;18;19;23;24
1500;2017-04-17;1;2;3;5;7;10;11;12;13;15;17;18;19;20;22
1501;2017-04-19;1;6;7;8;9;10;11;13;16;17;18;21;22;24;25
1502;2017-04-22;1;2;3;4;5;7;11;12;13;15;17;18;20;22;24
1503;2017-04-24;1;2;3;7;12;15;16;17;18;20;21;22;23;24;25
1504;2017-04-26;1;4;5;7;8;11;12;14;17;18;19;21;23;24;25
1505;2017-04-28;1;2;3;6;7;11;14;16;17;18;19;20;22;24;25
1506;2017-05-03;3;4;5;8;9;10;13;14;17;18;19;20;21;22;24
1507;2017-05-05;1;2;3;4;5;8;10;11;13;14;17;19;21;23;24
1508;2017-05-08;1;3;7;8;9;10;11;12;14;17;19;21;22;23;24
1509;2017-05-10;1;2;3;6;7;8;9;13;14;15;17;18;19;22;24
1510;2017-05-12;1;3;4;7;8;9;10;11;12;13;15;18;19;22;24
1511;2017-05-15;2;4;5;8;9;10;11;12;13;15;19;20;21;23;24
1512;2017-05-17;2;3;4;6;10;11;12;13;15;16;17;19;21;22;24
1513;2017-05-19;3;4;6;7;9;10;11;12;13;14;16;18;21;22;24
1514;2017-05-22;3;4;5;7;8;11;12;13;15;16;17;19;20;21;24
1515;2017-05-24;1;2;3;5;8;9;11;12;13;16;17;18;19;20;23
1516;2017-05-26;1;2;6;7;10;11;12;14;16;18;19;20;22;23;24
1517;2017-05-29;2;3;5;8;10;11;12;14;15;18;20;21;23;24;25
1518;2017-05-31;2;3;4;5;7;8;11;12;14;16;17;20;22;24;25
1519;2017-06-02;1;4;6;8;13;14;16;17;18;20;21;22;23;24;25
1520;2017-06-05;1;2;4;8;9;10;12;13;14;16;17;18;19;24;25
1521;2017-06-07;1;2;3;4;5;7;8;12;14;15;17;19;20;23;24
1522;2017-06-09;1;8;9;10;11;13;14;15;16;18;19;20;21;23;24
1523;2017-06-12;3;5;6;7;9;10;12;13;14;16;18;19;21;23;25
1524;2017-06-14;1;3;5;6;7;8;9;10;13;14;20;22;23;24;25
1525;2017-06-16;1;2;4;5;8;10;12;14;15;18;19;20;21;22;25
1526;2017-06-19;5;7;8;9;10;11;13;15;17;18;20;21;22;23;25
1527;2017-06-21;1;2;3;5;6;7;9;10;14;15;20;21;22;24;25
1528;2017-06-23;1;2;4;5;6;8;9;10;17;18;20;21;23;24;25
1529;2017-06-26;2;3;4;5;8;11;13;14;16;17;18;19;20;21;24
1530;2017-06-28;2;4;5;7;9;10;12;14;15;16;18;20;22;23;24
1531;2017-06-30;1;2;3;4;7;8;10;11;13;14;15;19;22;23;24
1532;2017-07-03;1;2;3;8;9;10;11;12;13;14;17;18;20;22;25
1533;2017-07-05;1;3;4;6;7;11;12;13;14;15;16;19;20;21;24
1534;2017-07-07;1;4;5;8;9;10;11;12;13;14;16;17;19;21;24
1535;2017-07-10;3;4;5;7;8;12;13;15;17;18;21;22;23;24;25
1536;2017-07-12;1;3;5;6;7;8;9;10;11;12;13;19;20;23;25
1537;2017-07-14;1;2;3;4;10;11;13;14;15;17;18;20;21;22;24
1538;2017-07-17;2;4;5;7;8;9;10;13;14;15;17;18;19;21;23
1539;2017-07-19;1;3;4;8;11;12;13;14;16;17;18;19;20;21;25
1540;2017-07-21;1;2;3;7;9;10;11;12;14;15;16;17;19;22;23
1541;2017-07-24;2;3;4;5;7;11;13;14;15;18;19;20;21;22;25
1542;2017-07-26;2;3;5;7;8;10;11;13;15;16;17;20;21;22;24
1543;2017-07-28;1;2;6;7;8;9;12;13;15;17;19;20;23;24;25
1544;2017-07-31;1;2;4;7;8;9;11;12;14;16;17;21;22;23;24
1545;2017-08-02;3;5;7;8;10;11;12;15;16;17;20;22;23;24;25
1546;2017-08-04;1;3;6;7;8;10;11;14;15;18;19;20;22;24;25
1547;2017-08-07;1;2;5;6;8;9;10;11;13;15;17;18;19;21;25
1548;2017-08-09;2;3;4;9;10;11;12;14;15;17;18;20;21;22;23
1549;2017-08-11;1;2;3;4;5;7;8;10;11;13;18;20;23;24;25
1550;2017-08-14;3;4;5;7;8;13;14;15;16;17;20;22;23;24;25
1551;2017-08-16;1;3;5;7;8;11;13;14;15;17;19;20;22;23;25
1552;2017-08-18;2;3;7;8;9;12;14;15;16;19;20;21;22;24;25
1553;2017-08-21;1;2;4;8;9;11;12;13;15;17;18;19;21;22;25
1554;2017-08-23;1;3;4;5;7;8;9;10;13;14;16;18;19;24;25
1555;2017-08-25;1;2;6;8;9;10;12;13;14;16;18;20;22;23;25
1556;2017-08-28;1;2;3;5;6;8;12;15;16;17;19;21;22;23;25
1557;2017-09-07;2;3;4;5;6;9;12;16;17;18;20;21;22;24;25
1558;2017-09-11;1;2;4;5;6;9;11;14;15;16;17;18;21;22;25
1559;2017-09-13;3;4;5;6;7;9;10;11;14;16;18;19;20;23;25
1560;2017-09-15;1;2;3;4;5;7;8;9;11;14;17;18;20;24;25
1561;2017-09-18;3;5;6;7;8;12;13;15;16;18;20;21;22;24;25
1562;2017-09-20;1;2;3;4;5;6;7;8;9;11;12;14;16;17;18
1563;2017-09-22;1;2;3;5;6;9;10;12;13;17;18;20;21;22;23
1564;2017-09-25;3;4;6;8;9;11;12;13;16;17;18;19;20;21;24
1565;2017-09-27;1;3;6;7;8;9;10;11;12;13;15;17;18;24;25
1566;2017-09-29;1;2;4;5;7;8;9;13;14;15;16;19;23;24;25
1567;2017-10-02;2;3;5;7;9;10;11;12;14;15;17;18;19;21;24
1568;2017-10-04;1;2;3;4;6;7;10;11;13;16;17;19;21;22;24
1569;2017-10-06;2;4;8;9;10;12;13;14;16;18;20;21;23;24;25
1570;2017-10-09;1;3;7;8;9;11;13;16;18;19;20;21;23;24;25
1571;2017-10-11;1;3;4;5;6;7;11;12;14;17;18;19;23;24;25
1572;2017-10-13;2;4;5;6;8;9;10;13;16;18;19;21;22;23;24
1573;2017-10-16;2;6;7;8;10;11;12;13;14;15;16;17;18;19;23
1574;2017-10-18;1;2;3;5;6;7;10;11;12;14;15;17;18;21;22
1575;2017-10-20;1;3;5;6;7;9;10;11;12;14;16;17;22;23;25
1576;2017-10-23;1;2;5;7;8;9;11;12;14;15;16;18;20;21;25
1577;2017-10-25;3;5;6;7;9;10;11;13;15;16;17;18;19;21;24
1578;2017-10-27;4;6;8;9;10;12;13;14;16;17;18;19;21;22;24
1579;2017-10-30;1;2;4;6;7;10;12;13;14;15;16;18;21;22;23
1580;2017-11-01;3;4;7;10;11;12;13;14;15;16;18;20;22;23;25
1581;2017-11-03;3;4;5;6;7;8;11;12;13;16;20;21;23;24;25
1582;2017-11-06;1;2;5;7;8;10;11;14;16;17;18;19;23;24;25
1583;2017-11-08;2;3;4;6;7;9;10;14;15;16;17;19;20;23;25
1584;2017-11-10;1;2;3;5;6;11;12;14;15;16;17;19;20;24;25
1585;2017-11-13;1;2;4;5;6;7;9;11;17;18;19;21;23;24;25
1586;2017-11-16;1;3;4;10;11;12;13;16;18;19;20;22;23;24;25
1587;2017-11-17;2;3;5;7;8;11;14;15;16;17;19;20;21;22;25
1588;2017-11-20;1;3;4;5;7;9;10;11;14;15;17;20;21;22;23
1589;2017-11-22;1;2;3;4;6;12;13;14;15;17;18;22;23;24;25
1590;2017-11-24;1;3;5;7;8;10;14;16;17;18;20;21;22;23;25
1591;2017-11-27;1;3;5;7;8;10;11;12;17;19;20;21;22;23;24
1592;2017-11-29;1;2;3;4;5;6;9;12;14;15;16;19;20;22;25
1593;2017-12-01;3;4;5;7;8;9;10;11;13;14;16;17;20;22;24
1594;2017-12-04;1;2;4;6;8;10;11;12;13;15;16;17;19;21;25
1595;2017-12-06;1;2;3;4;6;7;9;10;11;13;17;18;20;22;25
1596;2017-12-08;5;8;9;10;11;12;13;15;18;19;20;21;22;23;24
1597;2017-12-11;1;2;5;6;7;8;9;13;17;18;19;20;21;22;24
1598;2017-12-13;2;5;6;7;10;12;13;15;16;17;18;19;20;21;24
1599;2017-12-15;1;3;4;5;6;8;9;10;14;18;20;21;22;23;25
1600;2017-12-18;2;3;4;5;7;9;13;14;16;17;18;20;22;23;24
1601;2017-12-20;2;4;6;8;9;10;11;12;13;14;15;18;20;22;25
1602;2017-12-22;1;3;4;8;9;10;11;13;14;15;17;19;21;23;24
1603;2017-12-26;1;2;3;4;7;9;10;13;14;16;19;20;21;23;24
1604;2017-12-27;3;4;5;6;7;8;9;10;12;13;15;19;21;22;24
1605;2017-12-29;2;4;5;8;9;10;11;14;16;17;18;19;21;23;25
1606;2018-01-02;1;3;5;7;8;9;10;11;14;15;19;20;22;23;25
1607;2018-01-03;1;2;3;6;7;8;9;11;12;13;14;15;17;18;24
1608;2018-01-05;1;2;3;5;6;9;10;14;17;18;20;21;22;23;25
1609;2018-01-08;5;6;7;8;9;11;13;14;17;18;20;21;23;24;25
1610;2018-01-10;3;6;7;9;10;11;13;14;16;17;19;20;21;22;24
1611;2018-01-12;1;3;4;6;7;8;9;10;11;12;14;15;20;22;24
1612;2018-01-15;2;3;4;5;7;11;12;14;15;18;21;22;23;24;25
1613;2018-01-17;1;2;3;4;6;8;9;10;13;14;16;17;18;19;21
1614;2018-01-19;1;2;3;7;9;10;12;13;14;15;16;17;19;21;23
1615;2018-01-22;1;2;4;5;6;7;9;10;11;16;17;19;20;21;25
1616;2018-01-24;1;2;4;5;8;10;11;13;14;16;17;18;22;23;24
1617;2018-01-26;2;5;6;7;8;9;10;12;13;14;15;20;22;23;25
1618;2018-01-29;1;3;4;5;8;9;10;13;14;16;17;19;20;24;25
1619;2018-01-31;4;5;7;8;10;11;13;15;16;17;18;21;22;24;25
1620;2018-02-02;1;2;4;7;9;10;11;12;13;14;18;20;21;24;25
1621;2018-02-05;2;3;4;6;8;9;10;13;14;18;19;21;22;23;24
1622;2018-02-07;1;2;3;4;8;9;11;16;17;18;20;22;23;24;25
1623;2018-02-09;1;2;3;4;6;7;8;10;11;13;14;17;19;20;24
1624;2018-02-14;1;2;6;7;8;9;11;14;15;16;17;18;20;23;24
1625;2018-02-16;2;3;6;8;10;12;13;16;17;18;19;20;21;22;24
1626;2018-02-19;1;3;4;7;8;9;10;11;13;15;16;17;20;21;24
1627;2018-02-21;2;3;4;6;8;9;11;12;13;14;15;17;20;21;24
1628;2018-02-23;1;3;6;9;11;12;16;17;18;19;20;22;23;24;25
1629;2018-02-26;1;2;3;5;6;7;9;10;12;14;15;18;22;24;25
1630;2018-02-28;3;5;7;8;9;10;12;13;14;15;17;20;22;23;25
1631;2018-03-02;2;3;4;5;9;10;11;12;14;18;19;20;22;23;25
1632;2018-03-05;4;5;8;12;13;14;15;16;18;20;21;22;23;24;25
1633;2018-03-07;1;2;3;5;6;7;9;10;17;18;19;20;23;24;25
1634;2018-03-09;3;4;5;6;7;9;10;13;14;15;19;21;22;24;25
1635;2018-03-12;1;3;6;7;8;12;15;16;17;19;21;22;23;24;25
1636;2018-03-14;2;3;6;7;8;9;12;13;14;15;18;19;20;22;25
1637;2018-03-16;3;4;5;7;8;11;12;13;14;15;17;18;19;22;24
1638;2018-03-19;1;7;8;10;11;12;14;15;16;19;20;22;23;24;25
1639;2018-03-21;1;3;5;6;7;8;9;10;11;14;15;19;20;22;25
1640;2018-03-23;1;2;4;5;6;12;14;15;16;17;20;21;22;24;25
1641;2018-03-26;3;4;5;8;9;11;12;14;16;17;19;20;21;22;25
1642;2018-03-28;2;5;6;7;10;11;13;15;17;18;19;20;22;24;25
1643;2018-03-31;1;2;3;4;5;7;9;10;12;14;16;19;22;23;25
1644;2018-04-02;2;3;4;5;6;7;8;9;11;13;15;18;22;23;24
1645;2018-04-04;2;3;4;5;8;9;10;14;15;16;18;20;21;23;25
1646;2018-04-06;1;3;4;5;6;7;9;12;13;15;17;18;20;22;25
1647;2018-04-09;1;2;4;7;8;9;10;12;14;15;19;20;22;24;25
1648;2018-04-11;4;9;10;11;12;13;15;16;17;19;21;22;23;24;25
1649;2018-04-13;4;5;8;9;12;13;14;15;16;17;18;20;22;23;24
1650;2018-04-16;3;4;5;8;10;13;14;15;16;17;18;19;20;22;25
1651;2018-04-18;1;2;3;4;6;7;8;10;16;17;18;19;20;22;24
1652;2018-04-20;2;3;4;5;6;7;10;11;14;16;17;18;21;24;25
1653;2018-04-23;2;4;5;6;7;12;14;15;17;20;21;22;23;24;25
1654;2018-04-25;1;2;3;4;6;10;11;13;16;18;19;20;22;23;25
1655;2018-04-27;1;2;3;5;6;7;10;12;14;16;18;19;20;22;23
1656;2018-04-30;2;3;4;5;7;10;11;12;13;15;17;19;20;23;24
1657;2018-05-02;3;4;6;8;9;10;12;15;17;18;19;20;21;23;24
1658;2018-05-04;2;4;5;6;7;8;12;13;15;16;17;18;19;20;23
1659;2018-05-07;2;4;7;8;9;10;12;14;15;16;20;21;22;23;25
1660;2018-05-09;1;2;3;7;8;10;11;13;14;17;18;20;21;24;25
1661;2018-05-11;2;3;5;6;7;10;11;12;13;14;17;18;21;22;23
1662;2018-05-14;1;2;3;5;8;10;11;13;14;17;18;20;21;22;25
1663;2018-05-16;1;2;3;5;6;7;9;11;12;13;16;17;21;22;23
1664;2018-05-18;2;4;5;6;7;8;11;13;15;16;17;18;20;24;25
1665;2018-05-21;1;2;4;5;8;10;12;13;15;17;18;21;22;23;24
1666;2018-05-23;1;2;5;6;8;9;10;12;13;14;17;20;21;24;25
1667;2018-05-25;1;2;3;4;8;10;11;13;16;18;20;22;23;24;25
1668;2018-05-28;4;5;6;8;11;12;14;16;17;18;20;21;23;24;25
1669;2018-05-30;1;2;3;5;6;7;8;9;12;16;17;20;21;23;25
1670;2018-06-01;1;2;3;4;7;11;13;14;16;17;20;21;22;23;25
1671;2018-06-04;1;3;4;5;8;9;10;12;14;15;18;19;21;22;25
1672;2018-06-06;2;3;5;6;8;9;11;17;18;20;21;22;23;24;25
1673;2018-06-08;1;2;4;5;7;9;11;12;15;17;19;20;23;24;25
1674;2018-06-11;1;2;4;5;9;10;11;12;15;19;20;21;22;23;24
1675;2018-06-13;1;2;3;5;7;8;9;12;14;19;20;21;22;23;25
1676;2018-06-15;3;4;8;9;10;12;13;14;15;16;18;20;23;24;25
1677;2018-06-18;1;4;5;6;9;11;12;14;15;16;17;18;19;20;22
1678;2018-06-20;1;3;4;5;6;8;9;14;16;18;19;20;22;23;24
1679;2018-06-22;5;7;8;9;10;11;12;14;15;16;17;19;20;21;23
1680;2018-06-25;1;2;3;7;8;10;11;12;13;14;18;20;21;23;25
1681;2018-06-27;1;2;3;7;8;10;11;12;15;16;17;20;22;23;25
1682;2018-06-29;1;4;5;6;7;9;12;13;15;17;18;19;20;21;25
1683;2018-07-02;1;2;3;5;9;10;11;13;15;16;17;18;23;24;25
1684;2018-07-04;2;4;7;9;10;12;13;14;15;16;17;22;23;24;25
1685;2018-07-06;1;2;3;5;6;7;11;12;14;16;17;19;21;22;24
1686;2018-07-09;2;4;5;6;9;10;13;15;17;18;19;20;22;23;24
1687;2018-07-11;1;2;3;4;6;7;9;10;14;16;17;18;19;20;24
1688;2018-07-13;1;3;4;5;6;7;8;10;13;15;19;21;22;24;25
1689;2018-07-16;1;2;6;7;9;10;11;13;14;16;17;18;19;22;23
1690;2018-07-18;1;2;4;5;7;8;10;13;15;16;19;20;22;23;25
1691;2018-07-20;1;2;3;4;5;7;8;10;11;12;13;15;16;18;19
1692;2018-07-23;3;5;6;7;10;12;14;15;17;18;20;22;23;24;25
1693;2018-07-25;1;3;4;6;7;8;11;14;16;17;19;20;21;22;23
1694;2018-07-27;1;2;3;4;5;9;11;12;13;17;18;19;20;23;24
1695;2018-07-30;1;4;5;9;11;13;14;17;18;20;21;22;23;24;25
1696;2018-08-01;2;4;5;7;8;10;12;13;14;16;17;18;19;23;24
1697;2018-08-03;3;4;6;7;10;13;17;18;19;20;21;22;23;24;25
1698;2018-08-06;2;3;4;5;8;9;13;14;16;18;19;20;21;22;25
1699;2018-08-08;4;5;6;8;9;10;13;14;15;16;19;21;23;24;25
1700;2018-08-10;1;2;3;6;7;8;12;13;14;16;20;21;22;23;24
1701;2018-08-13;1;2;3;5;6;7;8;10;13;16;17;18;20;21;22
1702;2018-08-15;3;4;5;7;8;10;11;14;15;16;17;18;19;22;25
1703;2018-08-17;1;3;6;8;9;10;12;13;14;15;16;17;18;19;22
1704;2018-08-20;2;4;6;7;9;10;11;12;13;14;16;18;19;20;22
1705;2018-08-22;2;3;4;5;9;12;14;16;17;18;19;20;21;23;24
1706;2018-08-24;2;3;4;5;7;8;9;12;13;14;15;17;18;20;21
1707;2018-08-27;2;5;9;10;11;12;13;16;17;18;19;21;22;23;25
1708;2018-09-08;1;2;3;4;6;7;8;9;10;12;13;14;17;18;22
1709;2018-09-10;1;3;4;5;11;12;13;15;18;19;20;21;22;23;24
1710;2018-09-12;2;4;5;6;7;9;10;11;12;17;20;21;22;24;25
1711;2018-09-14;1;2;3;4;5;8;10;11;13;14;18;19;20;21;23
1712;2018-09-17;1;3;5;6;7;10;13;14;15;16;17;18;23;24;25
1713;2018-09-19;1;4;8;9;10;12;13;15;16;17;19;20;21;23;24
1714;2018-09-21;1;3;5;6;7;8;10;14;15;18;19;21;22;23;24
1715;2018-09-24;1;2;4;6;8;11;13;16;17;18;19;21;22;24;25
1716;2018-09-26;1;3;4;5;7;10;11;12;13;16;17;22;23;24;25
1717;2018-09-28;1;3;4;5;7;8;9;10;11;14;15;21;22;23;24
1718;2018-10-01;2;3;5;6;7;8;10;11;12;17;18;20;21;22;24
1719;2018-10-03;2;3;4;6;10;11;13;15;17;18;20;21;23;24;25
1720;2018-10-05;2;3;4;9;10;11;13;15;17;18;20;22;23;24;25
1721;2018-10-08;1;3;4;5;6;8;11;13;14;15;16;19;21;24;25
1722;2018-10-10;2;4;5;7;8;11;12;14;15;17;19;21;22;23;25
1723;2018-10-13;1;2;4;6;7;10;11;12;13;14;17;18;19;21;22
1724;2018-10-15;5;6;7;9;10;11;12;13;15;16;18;20;21;22;23
1725;2018-10-17;1;5;6;8;12;13;14;15;18;19;21;22;23;24;25
1726;2018-10-19;1;3;5;6;8;10;11;12;14;15;17;19;20;22;25
1727;2018-10-22;1;2;5;6;7;9;10;13;14;15;16;20;21;22;24
1728;2018-10-24;2;3;5;6;7;8;9;10;11;12;14;15;17;21;22
1729;2018-10-26;1;2;4;6;8;9;10;11;12;14;16;18;21;24;25
1730;2018-10-29;1;7;8;10;12;13;14;15;16;18;19;22;23;24;25
1731;2018-10-31;1;3;5;7;8;9;10;13;14;17;19;20;22;24;25
1732;2018-11-03;1;3;5;9;10;12;13;14;17;18;19;20;21;22;24
1733;2018-11-05;1;2;4;5;8;9;12;13;14;15;16;19;21;23;25
1734;2018-11-07;1;2;3;6;7;8;10;11;15;16;17;21;22;24;25
1735;2018-11-09;1;2;3;6;10;12;13;14;15;19;20;21;23;24;25
1736;2018-11-12;3;6;7;9;11;12;13;15;16;18;19;22;23;24;25
1737;2018-11-14;2;4;5;6;10;11;12;15;16;18;19;20;22;24;25
1738;2018-11-16;1;3;6;9;10;13;14;17;18;19;20;21;22;23;24
1739;2018-11-19;2;3;4;5;6;7;8;11;12;14;16;19;20;22;24
1740;2018-11-21;1;2;3;4;5;6;8;9;10;11;16;18;19;22;24
1741;2018-11-23;1;5;8;11;12;15;16;17;18;19;20;21;22;23;25
1742;2018-11-26;1;4;6;8;9;10;12;14;15;16;17;18;20;21;25
1743;2018-11-28;5;6;7;8;10;11;13;15;17;18;19;21;22;24;25
1744;2018-11-30;1;5;6;10;11;12;13;15;17;18;19;20;21;23;24
1745;2018-12-03;2;3;4;6;7;8;9;10;11;16;18;20;21;24;25
1746;2018-12-05;3;4;6;7;8;9;10;11;12;15;16;19;22;23;25
1747;2018-12-07;1;4;5;6;7;8;10;13;15;16;17;19;20;21;25
1748;2018-12-10;1;3;5;6;7;9;10;11;12;17;18;19;21;22;25
1749;2018-12-12;2;4;6;9;12;13;15;16;19;20;21;22;23;24;25
1750;2018-12-14;1;4;6;7;10;12;13;16;17;18;19;20;22;23;24
1751;2018-12-17;1;3;4;6;7;9;10;12;13;15;18;19;22;24;25
1752;2018-12-19;1;3;4;6;7;8;9;12;13;15;16;17;18;20;22
1753;2018-12-21;1;2;3;5;6;8;9;12;13;15;17;21;22;24;25
1754;2018-12-24;1;2;3;4;5;10;12;13;14;15;17;20;21;24;25
1755;2018-12-26;1;2;3;8;9;11;13;16;18;19;20;21;22;23;25
1756;2018-12-28;1;2;5;6;7;8;12;13;16;17;19;21;22;23;24
1757;2018-12-31;1;3;4;7;10;13;14;15;17;18;20;21;22;23;25
1758;2019-01-02;1;2;4;7;8;9;10;12;13;14;17;19;20;22;23
1759;2019-01-04;1;2;3;4;5;6;8;10;14;15;16;18;19;22;23
1760;2019-01-07;1;3;4;5;6;7;12;14;15;16;18;20;23;24;25
1761;2019-01-09;1;2;3;5;6;9;10;11;13;17;18;19;20;21;25
1762;2019-01-11;1;2;5;6;7;8;12;15;16;17;20;21;22;23;25
1763;2019-01-14;1;2;3;4;5;8;9;10;11;13;14;15;16;21;24
1764;2019-01-16;1;2;4;6;7;10;12;14;15;16;17;19;20;23;25
1765;2019-01-18;1;2;3;4;5;8;9;11;13;14;17;18;21;22;25
1766;2019-01-21;1;3;7;8;9;10;11;12;13;14;15;16;20;21;23
1767;2019-01-23;2;4;5;6;7;9;10;11;15;16;19;20;23;24;25
1768;2019-01-25;1;2;4;6;10;12;14;17;18;19;20;22;23;24;25
1769;2019-01-28;1;3;5;7;8;10;12;13;14;16;17;18;20;23;25
1770;2019-01-30;2;4;5;7;11;12;14;15;18;19;20;21;22;23;25
1771;2019-02-01;2;6;7;10;11;13;15;16;17;18;19;21;23;24;25
1772;2019-02-04;1;3;4;5;7;9;10;13;14;16;19;20;21;24;25
1773;2019-02-06;1;2;5;8;9;10;13;15;16;17;18;19;21;24;25
1774;2019-02-08;3;7;9;10;12;13;14;15;17;19;20;22;23;24;25
1775;2019-02-11;3;6;7;8;9;11;12;14;15;16;17;18;19;20;23
1776;2019-02-13;2;3;4;6;7;11;12;13;17;18;19;22;23;24;25
1777;2019-02-15;2;4;6;8;10;12;14;15;16;18;19;20;21;24;25
1778;2019-02-18;1;3;5;6;8;9;10;11;13;16;18;19;21;23;24
1779;2019-02-20;2;3;4;6;8;9;15;18;19;20;21;22;23;24;25
1780;2019-02-22;3;4;5;6;8;9;10;11;13;14;15;16;17;22;25
1781;2019-02-25;1;4;5;7;8;9;10;11;15;16;18;19;20;21;22
1782;2019-02-27;1;2;3;7;8;12;13;14;15;17;18;19;20;22;25
1783;2019-03-01;3;4;8;10;11;12;14;15;18;20;21;22;23;24;25
1784;2019-03-06;1;3;4;7;9;10;11;13;14;17;18;19;22;23;25
1785;2019-03-08;1;4;5;6;7;8;9;11;14;16;17;19;21;23;25
1786;2019-03-11;1;3;4;5;6;7;12;16;17;18;20;21;22;23;24
1787;2019-03-13;1;2;4;6;7;10;11;12;14;18;19;20;21;23;25
1788;2019-03-15;1;2;6;7;9;10;11;13;14;15;17;18;19;20;23
1789;2019-03-18;1;3;5;8;9;11;13;14;15;17;19;21;22;24;25
1790;2019-03-20;1;2;3;6;8;11;12;13;15;17;18;21;23;24;25
1791;2019-03-22;1;2;4;5;7;8;10;13;15;17;18;19;20;22;24
1792;2019-03-25;2;3;6;7;9;10;13;14;15;16;17;21;22;24;25
1793;2019-03-27;1;2;3;5;6;10;11;13;16;18;19;20;21;23;24
1794;2019-03-29;3;4;5;7;8;10;11;13;16;18;19;21;22;24;25
1795;2019-04-01;2;4;7;8;9;10;13;16;17;18;19;22;23;24;25
1796;2019-04-03;1;3;5;9;10;12;15;16;18;19;20;21;23;24;25
1797;2019-04-05;3;5;6;7;9;10;11;14;15;16;17;18;19;24;25
1798;2019-04-08;2;3;4;5;7;9;12;13;14;15;16;19;20;21;23
1799;2019-04-10;2;3;4;5;8;10;11;12;15;18;20;22;23;24;25
1800;2019-04-12;1;2;5;6;7;8;10;12;13;14;15;16;20;21;22
1801;2019-04-15;1;4;5;7;10;12;13;15;17;18;19;20;22;23;24
1802;2019-04-17;1;2;5;8;11;12;14;15;16;19;20;21;23;24;25
1803;2019-04-20;3;4;5;6;7;9;11;15;17;18;19;20;21;23;24
1804;2019-04-22;1;5;8;9;10;11;13;14;15;17;19;20;22;24;25
1805;2019-04-24;1;2;4;5;6;9;10;14;15;16;18;20;22;23;24
1806;2019-04-26;1;2;4;5;7;9;11;14;15;16;19;20;21;23;25
1807;2019-04-29;1;2;3;5;7;8;9;13;14;17;18;19;20;24;25
1808;2019-05-02;3;5;7;8;11;12;13;15;16;18;19;20;22;24;25
1809;2019-05-03;1;2;4;5;6;9;13;14;16;17;18;20;23;24;25
1810;2019-05-06;1;3;4;6;7;9;12;13;14;16;19;21;22;24;25
1811;2019-05-08;2;3;4;5;6;7;8;10;12;13;14;18;20;21;24
1812;2019-05-10;2;4;6;7;9;11;12;13;18;19;20;21;23;24;25
1813;2019-05-13;1;2;4;5;7;8;11;13;14;15;16;17;20;23;25
1814;2019-05-15;1;2;3;5;7;12;14;15;16;18;19;21;23;24;25
1815;2019-05-17;3;6;7;10;11;12;13;14;15;18;19;20;21;24;25
1816;2019-05-20;1;2;4;6;7;8;9;11;13;14;15;16;18;20;21
1817;2019-05-22;1;4;7;9;10;11;14;15;16;17;18;21;22;23;24
1818;2019-05-24;1;4;5;6;8;9;10;11;14;15;16;19;21;23;24
1819;2019-05-27;1;6;9;10;11;12;13;14;15;16;17;18;19;20;23
1820;2019-05-29;1;4;5;7;10;13;14;16;17;18;19;20;21;22;25
1821;2019-05-31;2;3;4;5;7;9;10;13;14;16;17;19;20;21;25
1822;2019-06-03;1;4;6;9;12;13;14;16;17;18;19;20;21;24;25
1823;2019-06-05;3;5;6;7;8;9;10;12;13;15;16;17;18;19;22
1824;2019-06-07;2;5;6;8;9;11;13;14;16;17;18;20;21;23;25
1825;2019-06-10;1;3;7;8;9;10;11;14;15;16;17;20;21;22;23
1826;2019-06-12;1;2;5;7;8;9;10;11;12;13;14;19;21;22;25
1827;2019-06-14;1;3;4;6;7;10;12;13;14;17;18;19;21;22;24
1828;2019-06-17;1;2;5;6;7;8;9;11;12;13;15;19;21;23;24
1829;2019-06-19;2;3;4;5;7;10;11;13;15;16;19;21;22;23;24
1830;2019-06-21;1;3;5;8;10;11;12;14;17;18;19;20;22;23;24
1831;2019-06-24;2;4;5;8;9;10;12;14;16;18;19;20;21;22;23
1832;2019-06-26;2;7;8;9;10;11;16;18;19;20;21;22;23;24;25
1833;2019-06-28;1;7;9;11;12;14;15;16;18;19;20;21;23;24;25
1834;2019-07-01;2;5;6;8;12;13;14;15;17;18;19;20;21;22;23
1835;2019-07-03;1;4;6;7;11;13;14;15;16;18;20;21;22;23;24
1836;2019-07-05;1;3;4;6;7;8;9;12;14;15;17;18;19;24;25
1837;2019-07-08;1;4;5;6;8;9;11;12;13;14;15;16;21;24;25
1838;2019-07-10;1;3;5;8;9;10;12;15;16;18;20;21;22;23;25
1839;2019-07-12;1;3;4;6;7;8;9;14;15;17;18;19;23;24;25
1840;2019-07-15;2;3;6;7;10;11;12;13;14;15;16;17;19;21;24
1841;2019-07-17;1;2;3;4;6;7;8;11;12;13;17;18;21;22;25
1842;2019-07-19;3;4;5;6;9;11;12;13;14;16;17;19;20;21;23
1843;2019-07-22;4;6;7;8;11;12;14;15;16;17;19;20;21;22;24
1844;2019-07-24;1;3;5;6;7;8;11;12;14;15;16;17;21;23;25
1845;2019-07-26;3;4;5;6;8;10;11;14;15;17;18;19;20;21;23
1846;2019-07-29;1;2;3;9;10;11;12;14;15;18;19;20;22;24;25
1847;2019-07-31;1;2;3;5;7;8;9;14;15;17;18;19;20;23;24
1848;2019-08-02;2;3;7;8;9;11;13;15;16;17;18;20;21;22;24
1849;2019-08-05;1;5;9;11;12;13;14;17;18;19;21;22;23;24;25
1850;2019-08-07;4;5;7;10;11;12;14;15;16;18;20;21;23;24;25
1851;2019-08-09;1;5;6;7;8;9;10;11;13;16;19;20;22;23;25
1852;2019-08-12;1;3;6;9;10;12;13;17;18;19;20;21;23;24;25
1853;2019-08-14;1;3;5;9;10;11;13;14;15;16;17;20;22;23;24
1854;2019-08-16;3;4;5;6;8;11;13;14;15;16;17;18;20;22;24
1855;2019-08-19;1;4;5;7;11;12;13;14;15;16;17;20;23;24;25
1856;2019-08-21;1;3;4;7;8;10;11;12;13;16;17;18;20;21;23
1857;2019-08-23;2;4;6;7;8;9;14;15;16;17;20;22;23;24;25
1858;2019-08-26;2;3;4;7;8;9;11;13;15;17;18;20;21;22;25
1859;2019-08-28;3;6;7;8;9;12;13;16;17;19;20;21;22;24;25
1860;2019-08-30;1;2;3;4;5;10;11;15;17;18;19;21;22;23;24
1861;2019-09-06;2;3;5;6;7;8;9;13;14;16;18;22;23;24;25
1862;2019-09-09;2;3;4;5;7;10;11;13;16;18;19;20;21;23;24
1863;2019-09-11;2;3;4;5;6;8;9;10;14;16;18;21;22;24;25
1864;2019-09-13;2;3;6;7;8;9;10;12;14;16;18;20;21;24;25
1865;2019-09-16;2;3;5;6;7;10;11;12;14;17;19;20;21;24;25
1866;2019-09-18;1;2;3;4;5;10;11;12;13;14;16;20;21;23;25
1867;2019-09-20;1;2;4;5;6;7;8;9;12;13;15;16;17;18;25
1868;2019-09-23;1;2;4;5;6;8;10;11;13;14;16;17;19;21;24
1869;2019-09-25;1;2;4;10;11;13;14;15;17;18;21;22;23;24;25
1870;2019-09-27;1;2;3;4;6;7;10;15;16;18;20;21;22;24;25
1871;2019-09-30;1;2;4;5;6;7;8;11;13;14;18;20;22;23;24
1872;2019-10-02;1;2;6;8;9;13;14;15;17;19;20;21;22;23;25
1873;2019-10-04;1;4;5;7;8;9;10;11;12;14;15;17;19;21;23
1874;2019-10-07;1;5;6;8;9;10;13;14;17;19;20;21;22;24;25
1875;2019-10-09;1;3;4;5;7;8;13;14;16;18;19;21;22;23;24
1876;2019-10-11;1;2;3;4;7;8;11;13;16;18;19;20;22;23;24
1877;2019-10-14;2;4;8;9;11;12;13;14;15;18;19;21;23;24;25
1878;2019-10-16;1;2;3;4;5;6;8;10;12;15;17;19;23;24;25
1879;2019-10-18;2;4;5;6;8;10;11;13;15;16;19;20;21;24;25
1880;2019-10-21;1;4;5;6;7;9;11;13;15;18;19;20;22;23;24
1881;2019-10-23;1;3;4;5;10;14;15;16;17;18;19;21;23;24;25
1882;2019-10-25;1;3;4;5;8;9;11;12;13;14;15;16;22;23;24
1883;2019-10-28;1;2;3;4;5;8;11;13;15;16;17;18;21;22;23
1884;2019-10-30;1;2;3;5;6;7;8;9;11;12;14;16;17;23;25
1885;2019-11-01;1;3;5;8;9;10;11;12;14;17;18;21;22;23;25
1886;2019-11-04;1;2;3;6;9;11;12;14;15;16;19;20;21;22;25
1887;2019-11-06;1;3;4;6;7;8;9;10;11;12;14;16;17;18;22
1888;2019-11-09;2;4;6;7;8;11;12;14;17;18;20;22;23;24;25
1889;2019-11-11;1;2;4;6;7;11;13;14;15;19;20;22;23;24;25
1890;2019-11-13;1;2;4;5;7;8;9;10;11;13;15;16;17;21;23
1891;2019-11-16;3;4;6;7;11;14;15;16;19;20;21;22;23;24;25
1892;2019-11-18;1;3;5;6;7;8;9;10;11;19;20;21;23;24;25
1893;2019-11-21;2;3;4;5;7;9;10;14;15;16;19;20;21;22;25
1894;2019-11-22;2;4;5;8;9;11;12;15;16;17;18;19;21;22;25
1895;2019-11-25;1;2;3;4;6;8;9;10;13;14;19;22;23;24;25
1896;2019-11-27;1;2;3;6;8;9;12;15;16;17;18;20;21;22;24
1897;2019-11-29;1;3;4;5;7;8;12;13;14;15;16;17;20;21;24
1898;2019-12-02;5;6;8;9;10;12;13;14;16;18;19;20;21;22;23
1899;2019-12-04;1;3;5;6;9;10;11;14;15;16;17;18;19;20;23
1900;2019-12-06;1;5;6;7;8;10;11;12;13;16;17;18;19;22;25
1901;2019-12-09;2;3;4;5;9;10;12;13;14;15;16;17;18;19;20
1902;2019-12-11;1;2;4;5;6;8;9;11;12;15;16;17;22;23;25
1903;2019-12-13;4;6;7;8;9;10;12;14;15;16;19;20;21;23;24
1904;2019-12-16;1;6;7;8;10;11;12;13;14;15;17;18;20;23;25
1905;2019-12-18;1;3;6;8;9;11;12;15;16;17;18;19;21;23;24
1906;2019-12-20;1;2;3;4;6;7;10;11;14;16;17;18;23;24;25
1907;2019-12-23;1;3;4;5;9;10;13;15;16;17;19;21;23;24;25
1908;2019-12-26;2;4;6;7;8;12;13;14;16;17;20;22;23;24;25
1909;2019-12-28;2;3;4;5;6;8;9;10;11;12;14;17;18;22;25
1910;2019-12-30;2;3;4;7;9;10;12;13;14;15;16;18;22;23;25
1911;2020-01-03;1;2;4;5;8;11;12;13;14;15;19;21;22;24;25
1912;2020-01-06;2;5;6;7;8;9;10;14;16;18;20;21;22;23;24
1913;2020-01-08;2;5;6;7;8;9;10;11;12;14;16;19;20;24;25
1914;2020-01-10;2;4;5;8;10;12;13;14;15;17;18;19;20;21;25
1915;2020-01-13;2;4;8;10;11;12;13;15;16;17;19;20;21;22;25
1916;2020-01-15;4;5;6;7;8;10;11;13;15;18;19;20;23;24;25
1917;2020-01-17;1;2;3;4;10;13;14;15;17;19;20;21;23;24;25
1918;2020-01-20;2;4;5;6;7;9;10;11;12;17;18;19;20;22;24
1919;2020-01-22;1;2;3;5;6;9;10;11;15;19;20;21;22;23;24
1920;2020-01-24;2;4;6;9;10;11;12;13;14;17;18;20;21;22;25
1921;2020-01-27;2;3;4;5;6;7;8;9;10;13;15;16;18;21;24
1922;2020-01-29;2;3;4;5;6;7;8;10;12;16;17;18;19;23;25
1923;2020-01-31;1;4;5;7;10;11;12;14;17;19;20;22;23;24;25
1924;2020-02-03;2;3;8;9;10;11;12;13;14;17;18;22;23;24;25
1925;2020-02-05;1;2;3;4;5;6;7;9;13;14;16;18;20;21;23
1926;2020-02-07;1;4;5;6;9;10;13;14;15;16;17;18;21;23;24
1927;2020-02-10;1;2;4;5;8;10;11;13;15;17;18;21;22;23;24
1928;2020-02-12;1;2;3;5;6;7;8;9;10;15;16;19;23;24;25
1929;2020-02-14;1;2;3;4;7;8;9;10;11;13;15;19;20;22;25
1930;2020-02-17;1;2;4;5;7;8;10;13;14;16;17;21;22;23;24
1931;2020-02-19;3;4;5;6;7;9;10;11;12;14;16;18;19;22;23
1932;2020-02-21;2;4;6;8;9;10;11;12;14;16;17;19;20;22;24
1933;2020-02-26;1;7;9;10;11;12;13;16;19;20;21;22;23;24;25
1934;2020-02-28;1;2;3;4;5;7;8;9;10;11;12;20;23;24;25
1935;2020-03-02;1;3;5;6;7;8;10;12;15;16;17;18;22;23;24
1936;2020-03-04;2;3;4;5;6;8;11;13;14;15;17;19;20;21;25
1937;2020-03-06;3;4;5;6;9;10;11;12;15;17;19;21;22;23;24
1938;2020-03-09;3;4;6;7;8;10;11;12;16;18;19;20;21;22;25
1939;2020-03-11;2;3;4;6;7;9;10;11;12;13;19;20;22;23;24
1940;2020-03-13;1;5;8;10;11;12;13;15;17;18;21;22;23;24;25
1941;2020-03-16;1;3;4;5;8;10;12;13;14;16;17;20;22;24;25
1942;2020-03-18;1;2;3;4;7;8;10;11;12;13;15;18;20;24;25
1943;2020-03-20;2;3;6;9;10;13;14;15;16;17;18;19;20;22;23
1944;2020-03-23;1;2;4;5;7;8;9;10;11;13;16;18;22;23;24
1945;2020-03-25;3;4;5;8;9;10;12;15;17;19;20;22;23;24;25
1946;2020-03-27;1;2;3;4;6;7;10;11;13;14;15;20;21;22;23
1947;2020-03-30;2;5;6;9;11;13;14;15;16;18;19;22;23;24;25
1948;2020-04-01;1;3;7;9;11;12;13;14;16;17;19;20;21;22;24
1949;2020-04-03;2;3;5;6;8;10;11;14;15;16;19;20;22;23;25
1950;2020-04-06;2;3;4;6;8;9;10;11;12;16;18;20;21;23;25
1951;2020-04-08;3;4;6;9;10;11;12;13;16;18;19;20;22;23;25
1952;2020-04-11;3;5;7;9;10;11;13;14;16;17;18;20;21;22;24
1953;2020-04-13;1;3;4;5;6;9;10;15;16;18;19;20;21;22;23
1954;2020-04-15;2;3;4;6;7;8;10;13;16;18;21;22;23;24;25
1955;2020-04-17;1;2;4;5;9;12;14;15;16;19;20;22;23;24;25
1956;2020-04-20;3;4;6;7;8;9;10;14;15;16;19;20;21;22;23
1957;2020-04-22;1;2;3;4;5;7;11;14;15;16;17;19;20;23;25
1958;2020-04-24;2;3;5;6;7;8;11;15;17;18;20;21;22;23;25
1959;2020-04-27;1;2;3;6;7;9;10;12;13;16;17;18;20;24;25
1960;2020-04-29;2;3;7;9;10;12;13;15;17;18;20;21;23;24;25
1961;2020-05-02;2;4;5;7;12;13;14;15;18;19;20;21;22;23;24
1962;2020-05-04;1;2;3;4;6;9;12;13;14;15;16;19;20;21;22
1963;2020-05-06;3;4;5;8;9;10;11;12;13;14;15;18;20;24;25
1964;2020-05-08;1;2;3;5;8;9;10;12;13;14;15;16;17;19;23
1965;2020-05-11;1;2;4;5;6;10;12;16;19;20;21;22;23;24;25
1966;2020-05-13;1;3;4;5;6;7;9;12;13;14;15;16;18;19;24
1967;2020-05-15;1;2;3;5;7;8;10;11;12;13;14;15;17;23;24
1968;2020-05-18;1;2;3;4;5;7;9;13;14;16;18;20;22;23;25
1969;2020-05-20;4;5;6;7;9;13;14;15;16;18;19;20;22;23;24
1970;2020-05-22;3;6;8;9;10;11;12;13;14;16;17;20;21;24;25
1971;2020-05-25;3;6;8;9;10;13;14;15;16;17;18;19;21;23;25
1972;2020-05-28;3;7;8;11;12;13;14;15;16;18;20;21;22;23;25
1973;2020-05-29;2;3;6;7;8;9;10;13;14;16;17;18;19;23;25
1974;2020-06-01;1;2;4;5;6;9;10;11;12;16;20;21;23;24;25
1975;2020-06-03;2;5;7;8;9;10;11;12;13;16;17;20;22;23;25
1976;2020-06-05;1;3;7;9;10;11;13;14;15;17;18;19;20;22;24
1977;2020-06-08;1;3;4;5;7;10;12;13;15;16;17;18;19;22;23
1978;2020-06-10;1;4;5;6;7;8;9;10;12;13;15;16;20;23;24
1979;2020-06-12;4;5;6;9;10;11;12;13;14;15;16;18;21;22;25
1980;2020-06-15;3;4;5;7;9;10;13;16;17;18;19;21;22;23;24
1981;2020-06-17;1;2;3;4;5;6;7;12;13;15;17;20;23;24;25
1982;2020-06-19;1;2;3;4;5;7;14;15;16;17;18;19;20;22;25
1983;2020-06-22;1;2;5;6;7;8;9;10;11;12;16;19;20;23;24
1984;2020-06-24;2;4;5;10;11;12;13;14;16;19;20;21;23;24;25
1985;2020-06-26;1;2;3;6;7;9;11;12;14;15;17;21;22;23;24
1986;2020-06-29;1;4;5;7;8;10;11;12;13;15;17;18;21;23;24
1987;2020-07-01;2;3;4;5;6;10;11;12;13;15;16;17;19;21;22
1988;2020-07-03;2;5;6;7;9;11;12;14;15;17;19;21;22;23;24
1989;2020-07-06;1;2;4;6;7;9;10;11;12;16;17;19;23;24;25
1990;2020-07-08;4;6;7;8;9;11;13;14;16;17;19;20;23;24;25
1991;2020-07-10;1;2;5;6;7;8;10;14;15;16;17;18;20;22;24
1992;2020-07-13;3;4;5;6;7;8;9;11;12;14;19;20;21;22;23
1993;2020-07-15;1;3;4;5;6;8;9;10;13;15;16;20;21;22;23
1994;2020-07-17;3;4;5;6;7;8;9;11;12;17;19;20;22;24;25
1995;2020-07-20;1;3;5;7;9;10;11;12;13;14;18;19;20;23;25
1996;2020-07-22;2;4;5;7;8;9;10;11;12;13;18;19;20;22;25
1997;2020-07-24;2;4;6;7;8;9;12;13;14;15;16;18;20;21;22
1998;2020-07-27;1;3;4;5;6;10;11;12;13;14;17;19;20;22;24
1999;2020-07-29;3;4;6;7;8;9;13;15;17;19;20;22;23;24;25
2000;2020-07-31;2;3;4;7;11;12;14;16;17;18;19;20;22;23;24
2001;2020-08-03;1;2;3;6;7;9;10;11;16;17;19;20;21;22;25
2002;2020-08-04;2;3;5;8;10;12;13;14;16;17;18;19;20;24;25
2003;2020-08-05;1;5;6;7;8;9;10;11;12;15;17;20;22;24;25
2004;2020-08-06;1;3;4;8;10;11;12;13;14;15;18;19;21;22;25
2005;2020-08-07;3;6;8;9;11;12;13;15;17;18;19;21;22;24;25
2006;2020-08-08;1;2;4;5;7;8;10;13;17;19;20;21;23;24;25
2007;2020-08-10;1;3;5;6;10;11;15;16;17;18;19;20;21;22;24
2008;2020-08-11;2;3;5;6;8;10;11;12;13;14;15;17;21;23;25
2009;2020-08-12;1;2;3;4;5;7;12;13;15;16;17;19;20;22;24
2010;2020-08-13;2;3;4;5;6;10;11;12;16;19;20;21;22;24;25
2011;2020-08-14;1;5;7;10;11;13;16;18;19;20;21;22;23;24;25
2012;2020-08-15;1;3;4;6;9;10;12;15;16;17;18;20;22;24;25
2013;2020-08-17;1;2;4;7;8;10;11;14;16;19;20;21;23;24;25
2014;2020-08-18;3;4;6;7;8;9;10;15;16;17;18;19;22;23;25
2015;2020-08-19;2;3;4;5;6;8;9;11;13;15;17;18;20;23;25
2016;2020-08-20;2;3;9;10;11;13;14;15;17;18;19;22;23;24;25
2017;2020-08-21;1;2;3;4;5;8;13;15;16;19;20;21;22;24;25
2018;2020-08-22;1;2;3;4;5;8;11;12;13;14;17;18;20;21;22
2019;2020-08-24;1;3;5;6;8;9;10;11;14;17;18;20;23;24;25
2020;2020-08-25;2;3;4;5;7;8;9;12;15;16;17;19;20;21;25
2021;2020-08-26;1;2;3;4;6;7;8;10;12;15;18;19;22;23;24
2022;2020-08-27;1;3;6;8;9;10;11;12;13;14;17;18;21;22;25
2023;2020-08-28;1;2;4;8;10;11;12;14;15;16;17;19;20;21;25
2024;2020-08-29;1;2;3;4;5;6;8;9;11;14;17;18;21;23;24
2025;2020-08-31;2;3;4;6;8;9;10;12;14;15;16;18;19;20;22
2026;2020-09-01;1;3;4;5;6;11;13;14;16;19;20;21;22;23;24
2027;2020-09-02;1;2;3;6;7;9;12;13;16;17;20;21;23;24;25
2028;2020-09-03;1;2;3;4;5;6;8;9;15;16;18;19;20;23;25
2029;2020-09-04;3;4;7;8;10;11;12;13;16;17;19;22;23;24;25
2030;2020-09-12;2;3;4;5;6;9;10;12;14;15;17;19;22;23;25
2031;2020-09-14;1;2;3;7;8;9;10;12;13;15;18;20;23;24;25
2032;2020-09-15;2;4;5;7;8;9;12;13;15;17;18;19;21;22;25
2033;2020-09-16;1;2;5;6;10;11;12;13;14;16;17;19;20;21;22
2034;2020-09-17;1;3;4;5;7;8;9;11;13;14;16;18;19;22;24
2035;2020-09-18;3;8;10;11;12;13;14;16;18;19;20;22;23;24;25
2036;2020-09-19;4;5;6;7;8;11;12;13;17;18;19;21;22;23;25
2037;2020-09-21;1;2;4;7;8;9;10;11;14;16;18;20;21;22;23
2038;2020-09-22;1;3;5;7;10;11;12;14;15;17;18;19;20;24;25
2039;2020-09-23;1;2;3;4;5;6;10;11;14;15;19;21;23;24;25
2040;2020-09-24;2;3;8;10;11;12;13;14;15;16;20;21;22;23;24
2041;2020-09-25;1;2;4;7;9;11;13;14;16;17;19;22;23;24;25
2042;2020-09-26;2;3;4;8;9;10;12;14;15;17;18;21;22;24;25
2043;2020-09-28;3;5;7;9;12;13;14;15;17;18;19;21;22;23;25
2044;2020-09-29;3;5;6;10;11;13;16;17;18;19;20;21;22;24;25
2045;2020-09-30;1;3;5;9;12;13;15;16;17;18;19;20;21;24;25
2046;2020-10-01;1;3;4;7;10;11;14;15;17;20;21;22;23;24;25
2047;2020-10-02;2;3;4;5;7;8;10;11;12;15;16;18;20;21;23
2048;2020-10-03;1;3;4;6;7;8;9;12;13;16;19;20;21;22;25
2049;2020-10-05;3;4;8;9;10;11;13;14;16;17;20;21;22;24;25
2050;2020-10-06;1;2;3;4;5;6;7;9;13;15;17;18;19;21;22
2051;2020-10-07;1;2;3;4;7;9;10;12;16;18;19;20;22;23;25
2052;2020-10-08;1;3;4;6;8;10;12;13;14;16;17;18;20;24;25
2053;2020-10-09;3;4;9;11;12;13;15;16;17;18;20;21;22;23;24
2054;2020-10-10;1;2;3;5;7;8;10;11;12;14;17;19;21;22;23
2055;2020-10-13;1;2;3;4;5;7;11;14;15;16;18;19;21;23;25
2056;2020-10-14;1;3;4;5;6;9;10;13;15;16;17;18;19;20;21
2057;2020-10-15;2;5;6;8;9;10;11;12;13;14;15;16;18;20;25
2058;2020-10-16;1;5;7;8;10;12;13;14;15;17;20;21;22;23;24
2059;2020-10-17;1;4;5;10;12;14;15;16;17;18;19;20;21;23;25
2060;2020-10-19;3;5;9;13;14;16;17;18;19;20;21;22;23;24;25
2061;2020-10-20;1;2;5;8;10;11;12;15;16;17;18;19;20;21;23
2062;2020-10-21;3;4;6;7;8;9;10;12;14;15;19;20;22;23;24
2063;2020-10-22;1;2;5;6;7;10;11;13;16;18;19;20;22;24;25
2064;2020-10-23;6;7;9;10;11;12;13;17;18;19;20;21;22;24;25
2065;2020-10-24;4;5;6;7;8;9;10;11;12;13;14;17;19;21;22
2066;2020-10-26;2;4;6;8;9;10;12;14;15;16;17;18;19;24;25
2067;2020-10-27;1;7;8;9;12;13;14;16;17;19;20;21;23;24;25
2068;2020-10-28;1;2;3;7;10;14;15;16;18;19;20;21;23;24;25
2069;2020-10-29;1;2;3;4;5;6;7;9;13;17;21;22;23;24;25
2070;2020-10-30;2;4;6;8;9;12;13;14;15;16;17;19;20;24;25
2071;2020-10-31;1;2;4;6;9;10;11;12;13;15;16;17;20;21;25
2072;2020-11-03;1;3;4;9;10;11;12;13;14;15;17;18;21;22;24
2073;2020-11-04;4;5;6;7;11;12;13;15;16;18;19;20;23;24;25
2074;2020-11-05;2;3;4;5;6;9;14;15;18;19;20;21;22;24;25
2075;2020-11-06;2;3;5;7;8;9;11;12;13;14;17;19;23;24;25
2076;2020-11-07;1;3;5;6;9;10;11;12;13;14;15;18;22;24;25
2077;2020-11-09;3;4;5;7;8;10;11;12;13;14;15;16;21;24;25
2078;2020-11-10;1;2;3;4;6;12;13;15;17;18;19;21;22;24;25
2079;2020-11-11;1;2;3;6;9;12;14;15;17;18;19;22;23;24;25
2080;2020-11-12;1;2;3;5;12;13;14;15;16;17;18;21;22;23;25
2081;2020-11-13;2;4;5;6;7;9;10;11;15;16;17;18;19;20;21
2082;2020-11-14;1;4;5;6;7;8;9;10;13;15;16;17;19;20;25
2083;2020-11-16;4;5;7;9;10;11;12;14;16;19;20;21;22;23;24
2084;2020-11-17;1;3;4;5;6;8;9;10;11;14;15;16;19;22;24
2085;2020-11-18;1;4;6;9;10;12;13;14;15;16;18;20;23;24;25
2086;2020-11-19;4;5;6;10;11;12;14;15;17;20;21;22;23;24;25
2087;2020-11-20;3;6;8;10;13;14;15;16;17;18;19;20;23;24;25
2088;2020-11-21;1;2;4;5;6;7;9;11;13;14;15;21;22;23;24
2089;2020-11-23;1;2;5;6;8;9;10;11;12;13;16;19;20;23;25
2090;2020-11-24;1;6;8;9;10;12;14;15;16;18;19;20;22;24;25
2091;2020-11-25;2;3;4;5;6;7;8;9;10;11;16;17;19;20;24
2092;2020-11-26;1;2;3;5;7;9;11;13;15;17;18;19;20;22;25
2093;2020-11-27;1;2;3;4;6;8;9;12;14;15;19;20;21;24;25
2094;2020-11-28;2;4;5;6;8;9;10;11;12;14;18;19;23;24;25
2095;2020-11-30;1;2;4;6;8;11;12;14;15;17;18;19;20;22;23
2096;2020-12-01;2;3;7;8;9;10;11;13;14;15;18;19;20;21;25
2097;2020-12-02;2;3;6;7;8;10;12;14;15;16;18;19;21;23;24
2098;2020-12-03;4;7;8;9;10;12;13;15;16;17;18;19;20;22;25
2099;2020-12-04;1;2;5;7;8;9;11;12;14;15;17;18;20;24;25
2100;2020-12-05;1;3;5;6;7;10;11;14;17;18;19;20;21;23;25
2101;2020-12-07;1;2;3;8;10;11;14;17;18;19;20;21;23;24;25
2102;2020-12-08;2;3;4;5;8;9;10;11;12;13;15;16;20;22;25
2103;2020-12-09;1;2;5;7;10;11;12;13;15;16;18;19;20;21;25
2104;2020-12-10;2;4;5;6;8;9;10;11;12;14;17;18;20;21;23
2105;2020-12-11;3;7;8;9;10;13;14;16;17;18;19;20;21;22;25
2106;2020-12-12;2;4;6;7;8;9;11;12;13;14;15;16;17;21;24
2107;2020-12-14;1;2;3;5;7;8;9;12;13;16;18;20;22;24;25
2108;2020-12-15;1;3;4;5;6;7;9;13;16;17;18;19;21;24;25
2109;2020-12-16;2;4;5;8;9;10;11;12;13;14;16;17;21;22;23
2110;2020-12-17;2;6;8;10;11;13;14;15;16;17;18;21;22;24;25
2111;2020-12-18;1;3;4;5;9;11;12;13;14;16;19;20;21;23;24
2112;2020-12-19;2;3;4;7;8;9;10;11;12;15;16;18;22;24;25
2113;2020-12-21;1;2;4;7;8;9;10;11;13;16;17;20;22;24;25
2114;2020-12-22;2;5;7;8;9;10;11;15;16;17;18;19;20;21;24
2115;2020-12-23;3;5;7;9;10;12;13;16;17;18;20;21;22;24;25
2116;2020-12-24;2;3;4;6;7;8;9;10;12;13;14;18;21;24;25
2117;2020-12-26;1;2;4;5;7;9;14;15;16;17;19;20;21;22;24
2118;2020-12-28;3;6;8;9;10;11;12;14;16;17;18;19;20;22;25
2119;2020-12-29;1;5;6;7;8;10;12;13;14;18;20;21;22;23;24
2120;2020-12-30;2;4;5;8;9;12;13;14;17;18;20;21;22;23;25
2121;2020-12-31;1;2;4;5;7;8;9;14;17;18;19;20;22;23;25
2122;2021-01-02;1;3;4;5;9;10;11;14;15;18;20;21;22;23;25
2123;2021-01-04;1;5;6;8;9;10;14;17;18;19;20;21;23;24;25
2124;2021-01-05;1;3;5;6;7;8;9;10;11;13;16;22;23;24;25
2125;2021-01-06;1;8;10;11;12;13;15;16;17;19;20;21;23;24;25
2126;2021-01-07;1;3;4;5;7;8;9;10;12;15;17;21;22;24;25
2127;2021-01-08;2;3;4;5;6;10;11;13;14;15;16;18;20;23;24
2128;2021-01-09;2;3;4;6;7;9;10;11;14;16;17;18;22;23;25
2129;2021-01-11;1;3;4;6;7;8;10;11;14;15;19;20;21;22;24
2130;2021-01-12;3;4;6;7;9;10;11;12;13;14;15;16;18;20;23
2131;2021-01-13;1;2;3;7;8;9;10;11;13;14;16;17;19;23;25
2132;2021-01-14;1;3;6;9;10;11;12;15;17;19;20;21;22;23;24
2133;2021-01-15;2;4;6;7;8;9;10;11;14;15;17;18;19;21;23
2134;2021-01-16;1;3;4;6;8;10;12;14;17;18;19;20;21;22;25
2135;2021-01-18;1;2;3;4;5;6;8;13;15;16;18;19;21;23;25
2136;2021-01-19;2;3;4;6;7;9;10;13;14;16;18;19;20;24;25
2137;2021-01-20;2;6;7;9;11;12;13;14;16;17;18;19;20;21;23
2138;2021-01-21;2;3;5;6;7;8;9;12;13;16;18;19;21;22;24
2139;2021-01-22;1;2;3;7;8;12;13;14;16;17;18;19;22;23;25
2140;2021-01-23;1;3;5;6;7;8;9;11;15;17;20;21;22;23;24
2141;2021-01-25;1;2;3;4;5;7;8;9;10;14;18;22;23;24;25
2142;2021-01-26;2;4;6;7;9;11;12;14;16;17;20;22;23;24;25
2143;2021-01-27;1;2;3;6;9;10;11;14;17;18;19;20;21;23;25
2144;2021-01-28;1;2;5;6;8;9;11;12;13;14;15;17;19;20;25
2145;2021-01-29;2;5;6;7;8;10;12;13;14;15;17;20;23;24;25
2146;2021-01-30;1;2;4;6;8;9;11;13;16;17;18;19;20;21;22
2147;2021-02-01;1;3;5;6;7;8;9;12;14;15;16;19;20;22;25
2148;2021-02-02;1;3;4;7;8;11;14;15;16;18;20;22;23;24;25
2149;2021-02-03;1;2;4;8;9;10;12;13;14;15;16;17;18;20;23
2150;2021-02-04;1;2;3;5;7;8;9;11;12;14;15;16;21;23;25
2151;2021-02-05;1;3;6;7;8;9;11;12;13;14;15;18;21;22;24
2152;2021-02-06;2;3;4;6;10;11;12;13;15;16;17;18;20;23;25
2153;2021-02-08;1;2;4;7;8;9;10;11;13;14;15;17;18;20;21
2154;2021-02-09;3;4;5;7;8;10;11;12;16;18;19;20;21;23;24
2155;2021-02-10;1;2;3;4;6;9;13;14;15;17;18;19;20;21;22
2156;2021-02-11;4;5;6;7;8;10;12;13;14;17;18;19;20;21;23
2157;2021-02-12;2;4;5;6;12;13;14;16;17;18;19;21;22;24;25
2158;2021-02-13;3;5;7;8;9;12;14;17;18;19;20;21;23;24;25
2159;2021-02-17;1;2;4;5;7;12;13;14;16;18;20;21;22;24;25
2160;2021-02-18;2;4;5;6;8;11;12;14;15;16;18;19;21;24;25
2161;2021-02-19;1;2;3;5;6;7;9;13;14;15;18;19;22;24;25
2162;2021-02-20;1;2;3;5;6;8;10;12;14;15;16;17;19;21;22
2163;2021-02-22;1;2;4;6;10;11;12;13;16;18;19;20;21;23;25
2164;2021-02-23;2;3;8;10;11;13;14;15;16;17;19;20;21;24;25
2165;2021-02-24;1;3;5;6;8;13;14;15;16;17;18;20;21;22;23
2166;2021-02-25;2;3;4;6;9;10;11;12;13;14;15;18;20;21;24
2167;2021-02-26;2;3;4;6;7;9;11;12;14;16;17;18;19;20;23
2168;2021-02-27;1;3;4;6;8;10;11;12;13;14;16;17;21;23;25
2169;2021-03-01;1;2;4;5;8;10;11;12;13;16;20;22;23;24;25
2170;2021-03-02;1;6;7;9;10;11;13;17;18;19;21;22;23;24;25
2171;2021-03-03;1;4;9;10;11;13;15;17;18;19;21;22;23;24;25
2172;2021-03-04;6;8;9;10;11;13;14;15;16;17;19;20;22;23;25
2173;2021-03-05;1;2;3;9;11;12;13;15;16;18;19;20;21;22;25
2174;2021-03-06;1;2;3;5;6;7;8;11;13;14;15;16;21;24;25
2175;2021-03-08;1;3;5;7;10;11;12;13;14;15;16;17;19;22;23
2176;2021-03-09;1;2;4;5;7;8;9;11;12;13;16;18;20;21;22
2177;2021-03-10;1;3;4;7;8;10;12;14;15;16;17;19;20;22;24
2178;2021-03-11;2;5;8;9;11;13;14;15;17;18;19;20;22;23;24
2179;2021-03-12;3;6;7;8;9;10;13;14;15;16;18;19;20;21;25
2180;2021-03-13;1;3;6;7;8;9;10;11;13;14;16;18;20;21;24
2181;2021-03-15;1;2;3;5;6;9;11;13;14;15;17;18;22;23;25
2182;2021-03-16;2;3;8;9;10;12;13;14;16;17;19;20;22;23;25
2183;2021-03-17;1;2;4;6;9;11;14;15;16;18;19;20;21;22;25
2184;2021-03-18;5;7;9;10;11;12;14;15;17;19;20;21;22;24;25
2185;2021-03-19;1;3;5;8;9;12;13;14;16;17;18;19;20;21;25
2186;2021-03-20;4;6;7;9;12;13;15;16;17;18;19;22;23;24;25
2187;2021-03-22;3;4;6;7;8;9;10;11;13;15;16;17;21;22;24
2188;2021-03-23;1;3;6;8;10;11;14;15;16;17;19;20;23;24;25
2189;2021-03-24;1;3;4;5;6;8;10;11;13;14;17;18;19;22;24
2190;2021-03-25;1;2;3;4;5;8;9;11;12;13;14;16;17;23;24
2191;2021-03-26;3;4;5;6;10;11;13;14;15;17;18;19;20;21;23
2192;2021-03-27;2;3;4;5;6;7;11;12;14;17;19;21;22;23;25
2193;2021-03-29;2;4;5;6;7;9;10;11;13;14;19;20;22;23;24
2194;2021-03-30;3;4;5;6;7;8;9;11;13;15;17;19;20;22;25
2195;2021-03-31;2;3;5;7;8;9;11;12;13;16;17;18;20;22;23
2196;2021-04-01;4;5;6;8;10;11;13;15;17;18;20;21;23;24;25
2197;2021-04-03;1;2;3;4;7;8;10;11;13;14;15;16;17;18;21
2198;2021-04-05;1;4;5;7;9;11;12;13;15;17;18;20;21;22;23
2199;2021-04-06;1;2;5;6;7;9;12;14;15;17;18;19;20;23;24
2200;2021-04-07;1;2;4;6;8;9;10;11;13;14;16;17;19;23;25
2201;2021-04-08;1;3;5;6;7;8;9;10;13;14;16;18;19;21;24
2202;2021-04-09;1;5;9;10;13;14;15;16;17;18;20;21;22;24;25
2203;2021-04-10;2;3;5;7;10;12;13;14;18;20;21;22;23;24;25
2204;2021-04-12;1;2;3;4;5;6;9;11;12;13;16;18;20;23;24
2205;2021-04-13;1;2;5;6;7;9;10;12;14;17;18;19;22;24;25
2206;2021-04-14;1;2;3;4;6;8;12;13;15;16;17;20;21;23;25
2207;2021-04-15;3;5;6;7;8;9;10;11;12;13;14;17;20;22;25
2208;2021-04-16;4;5;9;10;11;12;14;15;16;18;19;21;22;23;24
2209;2021-04-17;1;4;5;6;7;9;11;12;14;15;16;17;21;22;23
2210;2021-04-19;1;3;4;8;9;10;13;14;15;16;17;19;22;23;25
2211;2021-04-20;4;5;8;9;10;11;12;13;17;18;19;20;21;22;23
2212;2021-04-22;1;4;5;6;7;8;10;11;12;13;17;18;20;21;22
2213;2021-04-23;3;4;5;6;7;8;10;16;17;18;19;20;22;24;25
2214;2021-04-24;3;6;7;9;11;12;13;14;16;17;19;21;22;23;25
2215;2021-04-26;2;3;4;6;7;9;11;13;15;17;18;19;23;24;25
2216;2021-04-27;1;2;3;4;6;9;10;13;14;15;17;19;21;22;25
2217;2021-04-28;1;6;7;9;10;11;14;15;16;18;19;20;22;23;25
2218;2021-04-29;3;4;5;6;11;12;13;15;16;17;18;20;21;23;24
2219;2021-04-30;2;5;6;7;8;10;13;15;16;17;19;20;22;24;25
2220;2021-05-03;1;5;6;7;8;9;10;12;13;16;18;20;23;24;25
2221;2021-05-04;1;2;3;4;5;8;9;10;12;13;16;18;20;22;23
2222;2021-05-05;2;4;5;6;7;8;9;10;12;13;14;19;22;23;24
2223;2021-05-06;1;4;5;7;8;9;11;12;14;18;20;21;22;24;25
2224;2021-05-07;3;5;6;7;9;10;12;13;14;15;18;19;20;23;24
2225;2021-05-08;2;3;4;7;8;9;10;11;13;17;19;21;22;23;25
2226;2021-05-10;1;3;4;5;9;10;12;13;14;15;16;17;19;21;22
2227;2021-05-11;2;3;7;8;9;10;11;12;15;17;20;21;22;23;24
2228;2021-05-12;1;4;5;6;7;11;12;13;16;17;18;19;20;22;23
2229;2021-05-13;1;2;3;4;7;8;9;10;14;17;19;20;23;24;25
2230;2021-05-14;3;4;6;8;9;10;11;13;14;15;17;18;19;20;24
2231;2021-05-15;1;4;5;6;7;8;10;11;16;18;19;20;22;24;25
2232;2021-05-17;2;4;5;6;8;9;12;13;14;19;20;22;23;24;25
2233;2021-05-18;1;2;6;7;8;9;10;12;13;14;15;16;20;21;25
2234;2021-05-19;1;2;3;6;7;11;14;15;17;18;20;21;22;24;25
2235;2021-05-20;2;4;6;7;8;10;11;12;16;17;19;21;22;23;25
2236;2021-05-21;2;3;4;5;8;9;10;11;12;17;18;19;21;22;24
2237;2021-05-22;3;5;6;9;12;13;14;15;17;19;20;21;22;23;25
2238;2021-05-24;1;3;4;5;6;7;10;11;14;15;16;18;19;20;25
2239;2021-05-25;1;2;5;6;7;10;13;14;15;16;17;20;22;23;24
2240;2021-05-26;2;3;4;6;7;9;11;12;13;15;17;18;19;20;25
2241;2021-05-27;1;3;7;8;9;10;13;15;16;18;20;21;23;24;25
2242;2021-05-28;3;4;5;8;9;10;11;12;16;17;19;20;21;22;25
2243;2021-05-29;1;5;6;8;10;11;14;15;17;18;19;20;21;24;25
2244;2021-05-31;4;5;6;8;9;10;11;13;14;15;16;17;21;23;25
2245;2021-06-01;2;5;6;7;8;13;14;16;17;18;21;22;23;24;25
2246;2021-06-02;2;3;4;5;7;8;10;11;12;13;14;15;18;20;25
2247;2021-06-04;1;3;6;7;8;9;10;12;17;18;19;20;22;24;25
2248;2021-06-05;1;2;4;6;7;8;10;11;12;13;14;16;17;23;25
2249;2021-06-07;2;6;11;12;14;15;16;17;18;19;21;22;23;24;25
2250;2021-06-08;4;5;6;10;12;13;14;18;19;20;21;22;23;24;25
2251;2021-06-09;2;4;5;7;9;12;13;14;15;18;19;21;22;23;24
2252;2021-06-10;1;5;6;8;9;10;12;16;17;19;20;21;22;24;25
2253;2021-06-11;2;3;5;6;7;8;12;14;15;16;18;19;20;23;25
2254;2021-06-12;2;3;5;6;7;8;10;12;13;14;19;20;21;24;25
2255;2021-06-14;1;3;6;7;8;11;14;15;17;19;20;21;22;24;25
2256;2021-06-15;1;3;4;5;6;8;9;10;11;12;13;16;20;23;24
2257;2021-06-16;1;4;5;6;7;8;9;11;12;13;15;18;20;22;24
2258;2021-06-17;3;5;6;7;8;10;11;14;15;16;17;19;20;22;24
2259;2021-06-18;5;6;7;8;9;10;14;16;18;19;20;22;23;24;25
2260;2021-06-19;1;2;4;6;9;10;11;12;14;16;17;20;22;23;25
2261;2021-06-21;1;3;4;6;7;8;9;12;13;17;18;22;23;24;25
2262;2021-06-22;2;3;4;6;7;8;9;10;11;19;20;21;22;24;25
2263;2021-06-23;1;2;3;7;8;10;11;14;15;16;18;19;22;23;25
2264;2021-06-24;2;3;4;5;6;8;9;10;12;14;15;16;17;18;19
2265;2021-06-25;2;4;5;7;9;10;12;13;14;15;16;18;19;20;22
2266;2021-06-26;1;3;5;9;10;11;12;13;15;16;19;21;23;24;25
2267;2021-06-28;2;3;5;6;7;9;10;13;14;15;17;19;20;22;24
2268;2021-06-29;1;3;8;10;11;12;14;15;18;19;20;21;23;24;25
2269;2021-06-30;2;3;4;5;7;9;10;11;13;14;17;20;21;22;25
2270;2021-07-01;1;4;5;6;8;10;11;15;16;18;19;20;21;22;25
2271;2021-07-02;2;3;5;6;7;8;10;11;16;17;18;19;21;23;24
2272;2021-07-03;1;2;5;7;8;10;11;13;14;15;16;18;21;22;24
2273;2021-07-05;1;2;4;6;7;8;9;10;11;12;13;17;21;23;25
2274;2021-07-06;2;3;4;6;8;9;10;12;16;17;19;20;22;23;24
2275;2021-07-07;1;2;4;5;7;10;11;12;13;14;15;16;19;20;21
2276;2021-07-08;1;4;5;7;10;12;13;14;15;16;17;18;19;20;21
2277;2021-07-09;2;3;5;10;11;12;13;14;15;17;18;21;22;23;24
2278;2021-07-10;2;4;6;7;10;11;12;13;14;16;17;18;20;21;24
2279;2021-07-12;1;3;5;8;10;11;13;14;15;16;17;18;21;22;25
2280;2021-07-13;2;3;4;7;9;12;16;18;19;20;21;22;23;24;25
2281;2021-07-14;2;3;5;6;7;9;10;11;14;15;16;17;18;20;21
2282;2021-07-15;1;2;4;5;6;10;11;12;13;14;18;20;21;23;24
2283;2021-07-16;1;2;5;7;9;10;11;15;17;18;19;20;22;23;25
2284;2021-07-17;1;3;4;8;9;10;11;14;15;17;19;20;21;23;24
2285;2021-07-19;1;2;6;7;8;10;12;13;15;16;18;20;22;23;24
2286;2021-07-20;2;3;6;8;11;12;13;15;16;17;20;22;23;24;25
2287;2021-07-21;1;3;4;6;7;9;10;11;12;14;16;17;18;19;25
2288;2021-07-22;1;2;3;5;7;9;10;11;12;14;19;20;21;22;25
2289;2021-07-23;1;2;5;7;8;10;12;14;15;16;17;19;20;22;25
2290;2021-07-24;2;3;4;5;8;9;10;11;13;15;19;22;23;24;25
2291;2021-07-26;1;5;6;7;9;12;13;14;16;17;19;20;21;24;25
2292;2021-07-27;3;5;6;7;9;10;11;12;13;18;19;20;22;23;24
2293;2021-07-28;1;2;4;5;8;9;11;12;13;16;18;19;20;21;22
2294;2021-07-29;6;7;8;10;11;12;15;16;17;18;19;22;23;24;25
2295;2021-07-30;1;2;6;9;10;11;12;13;14;16;17;20;23;24;25
2296;2021-07-31;2;3;4;8;9;10;12;14;15;16;18;21;22;23;24
2297;2021-08-02;2;3;7;9;11;13;14;15;17;18;20;21;22;24;25
2298;2021-08-03;1;3;4;6;10;12;13;14;16;18;20;21;23;24;25
2299;2021-08-04;1;3;5;7;8;9;11;12;14;15;16;20;21;23;25
2300;2021-08-05;1;2;3;4;8;9;13;15;16;17;19;22;23;24;25
2301;2021-08-06;3;5;9;10;12;13;15;16;17;18;19;20;22;24;25
2302;2021-08-07;3;4;6;7;8;10;11;12;13;14;16;17;18;20;21
2303;2021-08-09;1;3;5;7;8;10;11;12;15;18;19;20;21;22;24
2304;2021-08-10;1;2;6;8;9;11;12;13;14;16;18;20;21;22;24
2305;2021-08-11;1;5;7;8;10;11;14;16;17;18;19;22;23;24;25
2306;2021-08-12;1;4;5;6;7;8;9;11;14;15;16;18;20;21;22
2307;2021-08-13;1;4;5;6;8;9;11;12;13;14;15;17;19;20;23
2308;2021-08-14;1;2;3;4;6;10;15;17;18;19;20;22;23;24;25
2309;2021-08-16;1;3;4;7;9;10;11;12;13;17;18;19;22;24;25
2310;2021-08-17;1;3;5;6;7;10;11;13;16;18;20;22;23;24;25
2311;2021-08-18;1;3;4;5;9;10;12;13;14;15;18;19;20;21;25
2312;2021-08-19;1;2;3;6;7;10;11;12;14;15;18;20;21;22;25
2313;2021-08-20;4;5;6;7;8;10;11;12;14;15;18;19;20;22;25
2314;2021-08-21;1;2;7;8;9;11;13;14;15;17;19;20;23;24;25
2315;2021-08-23;3;7;8;11;12;13;14;16;17;18;19;21;22;23;25
2316;2021-08-24;2;3;4;5;6;9;10;13;14;15;16;17;19;24;25
2317;2021-08-25;1;2;3;5;6;7;9;14;15;16;17;20;21;23;25
2318;2021-08-26;2;5;6;7;8;11;13;16;17;18;19;20;21;24;25
2319;2021-08-27;2;3;8;12;13;14;15;16;17;19;21;22;23;24;25
2320;2021-09-11;1;2;3;5;6;9;12;13;15;17;21;22;23;24;25
2321;2021-09-13;1;2;6;7;8;9;10;12;13;14;15;17;22;23;24
2322;2021-09-14;1;2;5;6;7;11;12;13;14;16;18;21;22;23;24
2323;2021-09-15;1;4;7;8;11;13;14;16;17;19;21;22;23;24;25
2324;2021-09-16;1;2;3;5;8;9;10;11;13;14;16;17;19;20;25
2325;2021-09-17;1;2;3;4;5;6;7;8;9;14;17;18;21;23;25
2326;2021-09-18;2;3;4;5;6;8;11;12;13;14;16;20;22;23;25
2327;2021-09-20;1;2;3;4;6;7;8;11;13;15;17;19;20;21;25
2328;2021-09-21;3;4;5;6;7;8;9;11;14;15;17;20;21;23;25
2329;2021-09-22;1;3;4;5;10;11;12;13;14;16;17;18;19;20;24
2330;2021-09-23;2;4;5;8;10;11;12;13;14;15;16;18;20;22;23
2331;2021-09-24;3;4;5;7;8;9;10;13;14;15;16;20;22;24;25
2332;2021-09-25;1;4;6;7;8;9;10;11;14;17;18;20;22;24;25
2333;2021-09-27;1;4;6;7;8;9;10;11;13;15;17;18;19;20;23
2334;2021-09-28;2;3;5;7;13;14;16;17;18;20;21;22;23;24;25
2335;2021-09-29;2;3;4;5;6;7;9;13;15;16;19;21;22;24;25
2336;2021-09-30;1;3;4;6;10;11;12;13;14;16;17;18;20;22;25
2337;2021-10-01;1;2;4;5;6;8;9;10;11;14;16;19;20;21;24
2338;2021-10-02;1;2;3;4;5;7;8;10;11;12;13;15;16;19;21
2339;2021-10-04;1;3;6;7;8;10;11;14;18;19;20;22;23;24;25
2340;2021-10-05;2;5;7;8;9;11;12;13;14;17;18;20;22;23;25
2341;2021-10-06;2;4;5;7;9;11;12;14;15;19;20;21;22;24;25
2342;2021-10-07;1;2;3;4;9;10;13;15;16;18;19;20;21;22;25
2343;2021-10-08;1;2;5;9;12;15;16;17;18;19;20;22;23;24;25
2344;2021-10-09;1;3;4;6;7;9;10;11;12;13;16;17;19;20;21
2345;2021-10-11;3;6;7;9;10;11;12;14;16;17;19;20;23;24;25
2346;2021-10-13;1;4;5;8;10;11;12;14;16;17;18;19;21;22;25
2347;2021-10-14;2;3;5;6;8;9;11;13;15;16;17;19;21;24;25
2348;2021-10-15;1;2;5;8;9;11;13;14;15;17;19;20;22;23;24
2349;2021-10-16;2;5;6;9;10;11;12;15;16;17;18;20;21;22;23
2350;2021-10-18;2;3;4;5;6;7;8;9;10;15;17;19;21;22;25
2351;2021-10-19;1;3;4;5;6;7;8;9;10;12;14;15;20;23;24
2352;2021-10-20;3;4;7;8;11;12;15;16;17;18;20;22;23;24;25
2353;2021-10-21;1;2;3;7;8;12;13;14;15;16;18;20;23;24;25
2354;2021-10-22;1;2;5;6;9;10;11;12;13;16;17;18;19;20;21
2355;2021-10-23;2;3;4;5;6;8;9;10;11;12;18;19;20;21;25
2356;2021-10-25;3;5;6;7;8;9;10;13;16;18;19;20;21;22;25
2357;2021-10-26;1;2;4;6;7;8;9;10;12;13;14;20;23;24;25
2358;2021-10-27;4;5;6;7;8;11;12;14;15;16;17;20;23;24;25
2359;2021-10-28;3;4;5;6;7;12;14;15;17;19;20;21;22;23;24
2360;2021-10-29;3;5;6;8;11;12;13;15;17;18;19;21;22;23;25
2361;2021-10-30;3;4;5;7;10;12;13;14;16;18;19;21;22;23;24
2362;2021-11-01;1;4;6;7;8;10;11;12;14;18;19;21;22;24;25
2363;2021-11-03;1;2;3;4;8;11;12;13;14;15;20;21;22;24;25
2364;2021-11-04;1;5;6;7;8;9;10;11;13;15;16;17;18;22;24
2365;2021-11-05;2;7;8;9;11;14;15;16;17;18;20;21;22;23;25
2366;2021-11-06;1;3;5;7;10;11;13;15;16;18;19;20;21;22;25
2367;2021-11-08;2;3;5;8;9;10;11;12;14;16;17;19;22;23;25
2368;2021-11-09;2;3;4;7;8;9;10;11;12;14;16;18;19;22;23
2369;2021-11-10;2;3;5;8;9;10;11;12;13;14;15;22;23;24;25
2370;2021-11-11;1;7;8;9;10;11;12;13;14;16;19;20;21;24;25
2371;2021-11-12;3;5;6;8;11;12;13;14;15;19;21;22;23;24;25
2372;2021-11-13;1;2;4;5;7;8;11;13;14;15;19;20;21;22;24
2373;2021-11-16;2;3;4;5;6;7;8;10;13;14;15;17;21;24;25
2374;2021-11-17;1;3;5;7;9;10;14;15;16;17;20;21;22;23;25
2375;2021-11-18;4;5;8;11;12;13;14;17;18;19;20;21;22;23;25
2376;2021-11-19;1;2;4;6;8;9;14;15;16;17;19;21;22;23;24
2377;2021-11-20;1;2;3;4;5;6;8;9;10;12;14;18;19;20;24
2378;2021-11-22;1;2;3;4;5;10;12;14;15;16;17;21;23;24;25
2379;2021-11-23;1;2;3;5;7;8;9;11;12;15;16;20;23;24;25
2380;2021-11-24;1;3;5;6;7;9;10;11;13;14;15;17;21;22;24
2381;2021-11-25;1;2;5;8;9;10;11;14;15;18;19;20;23;24;25
2382;2021-11-26;1;2;3;4;5;6;7;9;10;11;14;15;19;21;24
2383;2021-11-27;1;2;3;7;9;11;12;13;14;15;16;18;20;22;24
2384;2021-11-29;1;3;4;5;7;9;10;11;13;15;16;18;20;22;24
2385;2021-11-30;1;2;3;5;10;11;12;13;16;17;18;21;22;23;24
2386;2021-12-01;2;3;6;7;8;10;12;13;14;15;16;17;18;23;24
2387;2021-12-02;2;4;5;8;9;10;12;16;17;19;20;21;22;24;25
2388;2021-12-03;3;4;5;7;8;9;10;12;13;15;16;17;19;23;25
2389;2021-12-04;4;5;6;8;9;10;11;12;18;19;21;22;23;24;25
2390;2021-12-06;1;2;3;4;5;6;10;11;15;19;20;21;22;23;24
2391;2021-12-07;3;4;5;6;8;9;11;12;14;18;19;21;22;24;25
2392;2021-12-08;1;2;5;6;8;11;12;13;16;17;18;22;23;24;25
2393;2021-12-09;2;3;5;10;11;12;15;16;17;19;20;21;22;23;25
2394;2021-12-10;1;4;6;7;9;10;12;17;18;19;20;21;22;23;25
2395;2021-12-11;1;2;5;6;7;10;13;14;15;17;18;19;20;23;25
2396;2021-12-13;1;3;4;7;10;12;13;16;17;18;20;22;23;24;25
2397;2021-12-14;2;4;6;7;9;10;13;14;15;17;18;20;21;22;25
2398;2021-12-15;2;3;4;5;6;9;10;12;13;14;15;20;22;23;25
2399;2021-12-16;1;2;4;5;7;9;12;14;15;16;17;19;20;21;25
2400;2021-12-17;2;3;5;9;10;11;12;13;14;15;16;20;21;23;25
2401;2021-12-18;1;4;5;6;7;9;10;11;12;15;16;19;20;22;23
2402;2021-12-20;1;2;3;4;5;6;9;10;11;13;14;18;20;23;25
2403;2021-12-21;1;4;5;8;10;12;16;17;18;19;20;21;23;24;25
2404;2021-12-22;1;2;3;4;5;7;10;11;12;14;15;22;23;24;25
2405;2021-12-23;2;3;4;5;6;7;8;9;11;15;17;18;19;21;23
2406;2021-12-24;1;2;3;5;6;8;10;12;15;17;20;21;23;24;25
2407;2021-12-27;1;2;3;4;6;8;9;11;12;17;18;19;20;23;24
2408;2021-12-28;1;3;4;6;8;9;10;11;12;13;16;19;21;22;23
2409;2021-12-29;1;2;5;6;7;8;9;10;12;16;19;20;21;22;25
2410;2021-12-30;1;2;3;4;7;9;10;13;14;16;17;19;20;22;23
2411;2021-12-31;1;2;3;4;5;7;8;9;10;12;13;14;17;19;24
2412;2022-01-03;1;4;6;7;8;9;11;13;14;15;17;18;19;21;24
2413;2022-01-04;1;3;4;5;6;7;8;9;12;15;16;18;20;21;25
2414;2022-01-05;3;4;5;6;7;8;9;10;11;13;16;17;19;21;24
2415;2022-01-06;2;6;7;9;10;11;12;13;14;19;20;21;22;23;25
2416;2022-01-07;4;5;6;7;11;13;14;15;16;17;18;20;21;22;25
2417;2022-01-08;1;4;6;7;8;9;10;11;14;15;17;18;22;23;25
2418;2022-01-10;3;4;7;8;11;12;13;14;16;17;18;19;20;23;24
2419;2022-01-11;2;3;5;6;10;11;12;13;15;18;19;21;22;23;24
2420;2022-01-12;1;3;5;9;10;11;12;13;14;15;18;21;22;24;25
2421;2022-01-13;3;4;5;6;7;10;13;14;16;17;19;20;21;22;24
2422;2022-01-14;1;2;3;4;5;7;8;10;11;12;14;17;18;22;25
2423;2022-01-15;3;4;5;7;8;9;10;11;15;16;17;18;19;20;24
2424;2022-01-17;1;3;4;5;6;9;10;11;14;15;16;20;22;23;25
2425;2022-01-18;1;3;4;5;6;10;11;13;15;19;20;21;22;24;25
2426;2022-01-19;1;2;3;6;7;8;9;11;13;19;20;21;22;23;24
2427;2022-01-20;1;3;6;8;11;15;16;17;18;19;20;21;22;23;24
2428;2022-01-21;2;5;6;7;9;10;11;12;15;16;17;18;20;24;25
2429;2022-01-22;1;4;5;6;8;9;10;11;12;14;15;19;20;21;24
2430;2022-01-24;1;4;5;7;8;10;11;12;14;17;18;19;20;21;23
2431;2022-01-25;4;6;7;8;9;10;11;12;13;14;17;18;19;22;25
2432;2022-01-26;3;5;6;7;8;9;11;12;13;14;15;19;20;21;25
2433;2022-01-27;1;3;4;5;6;9;10;11;12;13;15;18;20;21;24
2434;2022-01-28;1;4;7;11;13;14;16;17;19;20;21;22;23;24;25
2435;2022-01-29;2;4;5;6;7;10;11;12;13;15;16;19;20;21;22
2436;2022-01-31;2;3;4;6;8;9;12;14;15;16;17;19;20;21;23
2437;2022-02-01;1;2;7;8;9;10;11;13;14;15;17;18;20;21;25
2438;2022-02-02;1;4;5;6;8;11;12;13;14;16;18;19;22;23;24
2439;2022-02-03;2;5;7;8;9;10;11;13;15;16;17;20;21;23;25
2440;2022-02-04;3;4;5;6;8;9;11;14;16;18;20;21;22;24;25
2441;2022-02-05;1;3;7;8;9;10;11;13;15;18;20;21;22;24;25
2442;2022-02-07;1;6;7;10;11;12;14;15;16;17;18;19;21;22;25
2443;2022-02-08;2;3;5;6;7;9;10;14;15;16;17;20;21;22;23
2444;2022-02-09;3;4;5;6;8;9;10;11;12;14;16;17;18;19;25
2445;2022-02-10;1;2;5;6;7;8;10;11;13;15;18;21;22;23;25
2446;2022-02-11;4;6;8;11;12;13;15;17;19;20;21;22;23;24;25
2447;2022-02-12;2;3;4;5;8;13;14;15;16;17;18;19;20;22;23
2448;2022-02-14;2;3;4;5;6;8;9;11;12;14;16;19;20;22;24
2449;2022-02-15;1;2;4;8;9;11;13;14;15;16;17;18;20;21;22
2450;2022-02-16;1;2;3;4;5;7;8;11;13;14;15;18;23;24;25
2451;2022-02-17;3;4;5;7;9;10;11;15;18;19;20;22;23;24;25
2452;2022-02-18;1;6;7;8;9;11;15;17;18;20;21;22;23;24;25
2453;2022-02-19;4;5;7;8;10;12;13;16;17;19;21;22;23;24;25
2454;2022-02-21;1;2;4;6;8;9;10;12;15;16;20;21;23;24;25
2455;2022-02-22;1;2;3;8;10;11;12;13;14;16;19;22;23;24;25
2456;2022-02-23;4;5;6;8;9;10;12;13;14;17;18;19;21;24;25
2457;2022-02-24;1;3;5;8;10;11;14;15;16;18;20;22;23;24;25
2458;2022-02-25;1;2;3;4;6;8;10;11;12;16;18;21;22;24;25
2459;2022-02-26;1;3;5;6;11;12;14;15;17;18;19;20;21;23;25
2460;2022-03-02;1;2;3;4;5;6;9;11;12;14;15;18;19;23;25
2461;2022-03-03;1;2;5;7;10;13;14;15;17;18;19;20;21;22;24
2462;2022-03-04;3;4;5;9;10;11;12;14;15;16;17;18;20;22;25
2463;2022-03-05;5;7;9;10;11;12;13;14;15;17;18;20;21;23;25
2464;2022-03-07;1;5;6;7;9;11;13;16;17;20;21;22;23;24;25
2465;2022-03-08;2;5;6;7;8;10;11;13;14;15;17;18;19;21;25
2466;2022-03-09;1;2;5;7;8;9;12;13;14;17;19;20;21;24;25
2467;2022-03-10;5;6;8;10;11;12;14;15;16;18;20;21;22;23;25
2468;2022-03-11;3;4;7;8;9;12;13;17;18;19;20;21;22;23;24
2469;2022-03-12;1;2;4;5;6;7;11;13;17;18;19;20;21;24;25
2470;2022-03-14;1;3;4;5;6;9;10;11;12;13;21;22;23;24;25
2471;2022-03-15;2;3;4;5;8;9;14;17;18;19;20;21;23;24;25
2472;2022-03-16;2;3;4;9;10;12;13;15;16;17;21;22;23;24;25
2473;2022-03-17;1;4;6;7;8;9;10;14;16;18;19;20;21;23;25
2474;2022-03-18;1;2;5;6;8;9;11;14;15;17;19;20;23;24;25
2475;2022-03-19;1;3;4;5;6;7;11;13;15;16;18;19;22;24;25
2476;2022-03-21;1;6;9;10;11;12;13;15;16;17;18;21;22;23;24
2477;2022-03-22;1;2;3;5;7;8;9;10;13;14;15;18;19;20;24
2478;2022-03-23;1;5;7;8;10;11;12;14;15;16;21;22;23;24;25
2479;2022-03-24;2;3;4;5;7;11;12;14;17;19;20;21;23;24;25
2480;2022-03-25;1;2;5;6;7;9;10;12;13;14;15;16;17;21;24
2481;2022-03-26;2;3;5;6;7;9;10;13;14;15;17;18;20;21;25
2482;2022-03-28;3;5;6;7;9;11;12;13;14;16;17;20;21;24;25
2483;2022-03-29;2;3;6;7;8;10;13;14;15;16;19;20;22;23;25
2484;2022-03-30;4;5;6;8;10;11;12;14;15;17;19;21;22;23;25
2485;2022-03-31;1;2;3;8;10;12;14;15;17;18;20;21;23;24;25
2486;2022-04-01;1;2;4;5;8;9;10;11;12;18;19;20;23;24;25
2487;2022-04-02;1;2;6;8;10;11;12;13;14;16;18;20;22;23;24
2488;2022-04-04;1;2;4;5;6;7;9;11;12;13;16;20;21;22;24
2489;2022-04-05;1;4;5;7;8;10;11;13;14;16;18;21;22;23;24
2490;2022-04-06;1;3;4;5;6;10;12;13;14;15;16;19;20;24;25
2491;2022-04-07;1;2;3;4;5;6;9;11;14;17;18;19;21;22;24
2492;2022-04-08;4;7;8;9;10;11;12;13;14;15;17;20;22;23;24
2493;2022-04-09;2;3;6;7;9;10;11;12;14;15;16;18;20;21;25
2494;2022-04-11;1;2;4;5;6;8;9;10;12;13;16;18;23;24;25
2495;2022-04-12;3;5;9;10;12;13;14;15;16;17;18;19;21;24;25
2496;2022-04-13;2;3;4;8;9;10;11;13;17;18;20;22;23;24;25
2497;2022-04-14;2;6;7;8;9;11;12;14;15;18;19;20;22;23;25
2498;2022-04-16;1;2;5;6;7;8;9;11;12;17;18;19;20;22;25
2499;2022-04-18;2;3;4;5;7;8;11;12;14;16;17;19;20;22;23
2500;2022-04-19;3;4;5;6;9;11;12;13;14;15;17;18;19;21;25
2501;2022-04-20;1;2;3;4;5;6;7;8;9;11;19;20;22;23;25
2502;2022-04-22;2;3;4;5;9;11;12;13;15;18;20;21;23;24;25
2503;2022-04-23;1;2;3;4;6;7;9;10;11;12;13;18;19;20;22
2504;2022-04-25;3;5;7;8;12;13;14;15;16;17;20;21;22;23;24
2505;2022-04-26;1;2;3;4;6;8;9;10;17;18;19;21;23;24;25
2506;2022-04-27;3;4;5;8;9;10;11;14;15;16;18;19;20;22;25
2507;2022-04-28;3;4;5;7;8;9;10;11;13;14;15;16;19;20;25
2508;2022-04-29;1;2;5;6;7;10;11;12;14;15;17;18;19;20;21
2509;2022-04-30;2;3;4;5;9;10;11;12;13;14;19;21;22;23;25
2510;2022-05-02;1;2;5;7;11;13;14;16;17;19;20;22;23;24;25
2511;2022-05-03;1;3;4;5;6;8;9;11;15;16;18;21;23;24;25
2512;2022-05-04;1;2;3;7;9;10;12;14;15;16;18;19;20;21;23
2513;2022-05-05;2;3;4;6;7;9;11;12;16;17;19;20;21;23;24
2514;2022-05-06;2;3;5;6;7;8;9;12;14;15;16;18;19;21;24
2515;2022-05-07;4;5;7;8;9;11;12;14;15;16;19;21;22;24;25
2516;2022-05-09;1;2;3;5;7;8;10;11;14;15;16;17;21;22;24
2517;2022-05-10;1;2;3;5;6;9;10;12;14;15;16;20;21;23;24
2518;2022-05-11;1;2;4;5;6;8;11;13;14;15;20;22;23;24;25
2519;2022-05-12;2;3;4;5;8;10;11;12;13;14;18;19;22;24;25
2520;2022-05-13;1;2;4;5;6;7;8;10;14;15;16;18;23;24;25
2521;2022-05-14;2;3;4;6;7;8;13;14;16;17;18;21;22;24;25
2522;2022-05-16;1;2;3;5;9;10;12;13;15;16;18;19;21;22;25
2523;2022-05-17;1;4;5;6;7;10;11;12;14;15;17;18;20;23;24
2524;2022-05-18;1;2;3;5;6;7;12;14;15;16;19;20;23;24;25
2525;2022-05-19;4;6;10;11;12;13;16;17;18;19;20;21;23;24;25
2526;2022-05-20;1;2;6;8;11;12;13;14;16;17;19;20;22;23;24
2527;2022-05-21;1;2;5;6;9;11;12;13;14;17;18;19;20;21;23
2528;2022-05-23;2;3;5;7;8;9;10;11;12;13;15;20;22;23;24
2529;2022-05-24;3;5;6;8;9;11;12;13;14;16;18;21;22;24;25
2530;2022-05-25;1;2;4;6;7;8;9;11;13;15;21;22;23;24;25
2531;2022-05-26;1;2;3;4;5;7;8;11;12;16;17;18;20;21;25
2532;2022-05-27;1;2;3;4;6;9;10;12;13;14;16;17;18;22;25
2533;2022-05-28;4;7;8;10;11;12;15;16;17;18;19;22;23;24;25
2534;2022-05-30;7;8;10;11;12;14;15;16;17;18;20;21;22;23;25
2535;2022-05-31;5;6;7;8;11;12;13;14;15;16;18;20;22;24;25
2536;2022-06-01;1;2;4;6;9;12;13;15;16;17;18;19;21;23;25
2537;2022-06-02;2;4;5;6;7;9;10;12;14;16;18;19;22;23;24
2538;2022-06-03;1;2;4;5;6;8;9;13;14;16;17;21;22;24;25
2539;2022-06-04;1;3;4;5;6;9;10;13;16;17;18;20;23;24;25
2540;2022-06-06;1;3;5;6;7;8;11;12;14;18;20;21;22;23;24
2541;2022-06-07;2;4;7;8;11;12;13;14;16;17;18;19;20;22;25
2542;2022-06-08;3;5;8;10;12;13;15;16;18;19;20;21;22;24;25
2543;2022-06-09;3;5;6;7;8;9;11;12;14;17;18;19;20;24;25
2544;2022-06-10;3;5;6;7;8;10;11;12;13;15;18;20;21;23;24
2545;2022-06-11;1;2;3;5;7;9;10;13;14;15;16;19;20;21;24
2546;2022-06-13;2;4;5;7;8;9;10;11;14;17;20;21;22;24;25
2547;2022-06-14;1;2;5;9;10;12;15;16;18;19;21;22;23;24;25
2548;2022-06-15;1;2;3;4;5;8;9;11;13;15;16;18;19;23;25
2549;2022-06-17;1;2;4;5;6;7;9;11;16;17;19;21;22;24;25
2550;2022-06-18;1;2;6;7;9;10;12;13;17;18;20;21;23;24;25
2551;2022-06-20;1;2;6;9;10;11;12;14;15;16;18;20;21;22;25
2552;2022-06-21;1;3;4;5;9;10;12;13;14;15;17;18;21;24;25
2553;2022-06-22;1;2;4;5;7;8;9;11;13;14;17;18;19;21;25
2554;2022-06-23;2;3;4;8;10;11;13;15;16;17;18;19;20;22;24
2555;2022-06-24;2;3;4;6;7;8;11;12;16;17;18;21;22;23;25
2556;2022-06-25;1;2;5;10;11;12;15;17;18;20;21;22;23;24;25
2557;2022-06-27;2;3;4;5;6;7;8;9;10;11;12;17;18;21;22
2558;2022-06-28;3;4;5;6;10;12;14;15;16;17;20;21;22;24;25
2559;2022-06-29;1;3;5;7;8;9;10;12;13;14;16;17;19;21;25
2560;2022-06-30;1;2;4;5;6;8;9;11;14;16;18;20;23;24;25
2561;2022-07-01;1;2;3;5;6;7;12;13;15;16;17;18;20;21;23
2562;2022-07-02;2;3;6;7;9;10;11;14;16;17;20;21;22;24;25
2563;2022-07-04;3;4;6;8;9;12;15;17;18;19;21;22;23;24;25
2564;2022-07-05;2;4;6;7;8;11;15;16;17;18;21;22;23;24;25
2565;2022-07-06;1;2;5;7;9;10;11;12;14;15;16;18;20;22;25
2566;2022-07-07;1;2;10;11;12;13;14;15;16;18;19;20;21;23;24
2567;2022-07-08;1;2;3;4;5;7;11;12;13;14;15;19;20;21;24
2568;2022-07-09;1;2;4;6;8;9;11;12;14;15;17;20;21;22;24
2569;2022-07-11;3;5;12;13;14;15;16;17;18;19;20;21;22;23;25
2570;2022-07-12;1;3;4;5;6;7;9;10;11;13;16;18;20;23;25
2571;2022-07-13;2;4;5;7;10;14;15;16;17;19;20;21;23;24;25
2572;2022-07-14;1;3;5;7;8;9;11;12;13;14;15;16;21;23;24
2573;2022-07-15;2;6;9;10;11;12;13;15;16;17;18;19;20;22;23
2574;2022-07-16;1;2;3;7;9;10;11;12;14;16;17;19;20;21;25
2575;2022-07-18;2;3;5;6;7;8;10;11;14;15;16;17;21;23;25
2576;2022-07-19;1;2;5;6;7;10;13;15;16;18;19;20;21;24;25
2577;2022-07-20;1;4;6;7;8;9;12;13;14;18;20;21;23;24;25
2578;2022-07-21;1;2;3;4;7;8;9;10;12;14;15;16;20;22;25
2579;2022-07-22;1;3;4;7;8;10;12;15;16;17;18;19;22;23;25
2580;2022-07-23;1;5;7;8;10;11;12;13;14;15;16;18;20;22;25
2581;2022-07-25;1;2;3;4;7;8;11;12;15;16;17;19;20;21;22
2582;2022-07-26;1;3;4;5;8;10;11;12;13;15;16;18;19;21;24
2583;2022-07-27;1;2;5;7;8;10;11;13;14;15;16;18;19;23;24
2584;2022-07-28;3;4;5;7;8;10;11;12;13;14;15;16;22;23;24
2585;2022-07-29;3;4;6;7;8;10;12;17;18;20;21;22;23;24;25
2586;2022-07-30;1;2;7;8;12;13;15;16;18;19;20;21;22;23;24
2587;2022-08-01;3;4;6;7;8;9;11;13;15;16;19;20;21;22;24
2588;2022-08-02;3;4;5;8;9;10;14;15;17;18;21;22;23;24;25
2589;2022-08-03;1;2;4;5;7;8;9;10;14;15;18;21;22;24;25
2590;2022-08-04;1;3;4;5;7;9;10;13;15;16;18;20;21;24;25
2591;2022-08-05;1;2;3;4;5;7;9;11;12;14;17;20;21;23;24
2592;2022-08-06;1;2;4;5;6;7;10;14;15;18;19;21;22;23;25
2593;2022-08-08;1;5;6;8;9;10;12;13;15;17;20;21;22;23;24
2594;2022-08-09;4;5;9;11;12;14;15;16;18;20;21;22;23;24;25
2595;2022-08-10;2;3;4;6;9;10;12;14;16;17;18;20;22;24;25
2596;2022-08-11;2;5;6;9;11;12;13;14;15;16;17;19;20;24;25
2597;2022-08-12;4;7;8;9;11;12;13;14;15;16;17;19;21;23;25
2598;2022-08-13;1;3;6;9;10;11;12;13;14;17;18;19;20;23;25
2599;2022-08-15;1;2;3;4;6;8;9;10;11;13;17;18;19;22;23
2600;2022-08-16;2;5;7;9;10;11;12;14;15;16;18;22;23;24;25
2601;2022-08-17;1;3;4;5;6;7;13;15;16;17;20;21;22;23;24
2602;2022-08-18;1;2;3;4;5;6;8;10;11;12;16;18;19;20;23
2603;2022-08-19;2;3;5;7;9;10;11;13;15;17;19;20;21;24;25
2604;2022-08-20;4;5;6;7;9;12;13;14;15;16;18;19;20;22;23
2605;2022-08-22;1;2;5;7;9;11;12;15;16;19;21;22;23;24;25
2606;2022-08-23;3;6;7;8;9;10;11;14;16;18;19;20;21;23;24
2607;2022-08-24;1;3;5;7;8;9;10;14;16;17;18;22;23;24;25
2608;2022-08-25;1;2;4;8;9;11;12;14;15;17;18;19;23;24;25
2609;2022-08-26;3;5;6;7;9;11;12;15;17;18;19;20;21;24;25
2610;2022-09-10;1;3;5;7;8;9;10;11;12;15;16;17;20;22;24
2611;2022-09-12;2;3;4;5;6;7;8;13;14;15;17;19;21;22;25
2612;2022-09-13;1;3;6;9;10;11;13;16;17;18;19;20;21;23;25
2613;2022-09-14;1;2;3;5;6;8;11;14;15;16;18;19;20;21;25
2614;2022-09-15;1;2;3;4;6;10;13;16;17;19;20;21;23;24;25
2615;2022-09-16;2;3;5;6;8;9;10;14;15;17;19;20;21;22;25
2616;2022-09-17;1;2;3;4;6;7;9;10;12;14;16;18;21;22;25
2617;2022-09-19;1;3;5;6;7;8;10;11;12;13;17;18;22;24;25
2618;2022-09-20;1;2;3;4;5;6;7;9;11;16;17;18;19;20;25
2619;2022-09-21;3;4;5;6;7;9;10;11;12;13;15;16;17;20;25
2620;2022-09-22;1;2;3;5;7;9;10;11;13;14;15;16;18;19;23
2621;2022-09-23;2;3;4;5;7;9;10;11;12;14;15;20;22;23;25
2622;2022-09-24;1;2;3;4;5;6;8;9;10;12;13;17;19;20;25
2623;2022-09-26;1;4;5;6;7;10;11;12;13;15;16;18;22;23;24
2624;2022-09-27;2;4;5;7;8;12;14;17;18;20;21;22;23;24;25
2625;2022-09-28;3;4;5;7;8;9;10;11;12;13;18;19;20;21;25
2626;2022-09-29;3;4;5;6;8;10;11;12;13;14;17;20;22;23;24
2627;2022-09-30;1;3;7;8;9;10;13;14;16;17;20;21;22;24;25
2628;2022-10-01;1;4;9;10;11;12;13;14;15;17;20;21;22;23;25
2629;2022-10-03;2;3;4;5;6;7;9;10;12;13;14;19;21;22;25
2630;2022-10-04;1;2;3;6;8;9;10;13;14;16;17;20;21;22;25
2631;2022-10-05;2;4;5;6;7;8;11;14;17;18;19;20;21;23;24
2632;2022-10-06;1;4;5;7;9;11;12;13;15;16;17;19;20;21;22
2633;2022-10-07;1;3;4;6;9;11;12;14;15;16;17;18;19;24;25
2634;2022-10-08;1;2;3;4;7;9;10;14;15;16;18;20;21;22;24
2635;2022-10-10;2;4;5;6;8;10;11;13;14;15;17;20;21;23;25
2636;2022-10-11;1;3;4;5;7;8;9;10;11;13;15;18;22;24;25
2637;2022-10-13;2;4;5;8;9;10;12;13;19;20;21;22;23;24;25
2638;2022-10-14;2;4;5;9;10;12;14;15;18;19;21;22;23;24;25
2639;2022-10-15;2;3;7;8;9;11;12;14;15;16;18;20;21;22;24
2640;2022-10-17;3;6;7;9;10;11;12;14;15;16;18;19;21;22;25
2641;2022-10-18;1;3;4;5;7;8;9;12;13;14;17;19;20;23;24
2642;2022-10-19;2;4;5;8;9;13;14;15;16;17;19;20;21;22;24
2643;2022-10-20;1;2;3;4;6;9;11;12;13;16;18;19;20;22;25
2644;2022-10-21;1;2;5;6;8;10;11;12;13;15;16;17;18;19;20
2645;2022-10-22;1;2;3;5;6;7;11;12;13;14;15;17;18;20;24
2646;2022-10-24;2;3;6;8;9;10;12;13;14;15;17;20;22;23;25
2647;2022-10-25;1;3;4;5;6;9;10;13;16;17;18;19;22;24;25
2648;2022-10-26;4;7;8;10;11;12;13;14;15;16;17;18;20;22;25
2649;2022-10-27;2;3;6;7;8;10;12;14;15;16;17;19;20;23;24
2650;2022-10-28;2;4;5;6;7;9;11;12;13;14;15;18;19;20;22
2651;2022-10-29;3;4;10;11;12;13;15;16;17;18;19;22;23;24;25
2652;2022-10-31;1;3;4;5;6;8;10;12;14;15;16;17;19;24;25
2653;2022-11-01;2;3;7;8;9;10;12;13;14;15;17;18;19;20;21
2654;2022-11-03;1;3;5;6;9;10;13;15;16;17;19;20;21;24;25
2655;2022-11-04;1;5;6;8;9;11;13;14;15;16;19;20;21;22;23
2656;2022-11-05;2;3;4;7;9;10;11;12;13;17;18;19;20;21;25
2657;2022-11-07;1;2;3;5;6;7;8;10;12;13;15;16;17;21;24
2658;2022-11-08;1;2;3;4;5;8;9;10;12;14;15;16;18;21;24
2659;2022-11-09;1;3;5;7;10;11;13;15;18;19;20;21;22;23;24
2660;2022-11-10;1;2;3;6;8;10;13;14;15;16;18;19;21;24;25
2661;2022-11-11;1;3;4;5;6;8;9;10;12;15;16;17;18;22;25
2662;2022-11-12;3;4;5;6;9;10;12;13;14;16;17;19;20;22;23
2663;2022-11-14;1;3;5;6;7;11;12;13;14;16;18;19;21;22;25
2664;2022-11-16;1;4;5;6;7;8;9;10;11;12;17;18;23;24;25
2665;2022-11-17;3;6;7;8;9;11;12;13;15;16;18;19;20;21;25
2666;2022-11-18;2;3;4;7;8;10;11;12;13;19;20;21;22;23;24
2667;2022-11-19;1;2;3;4;8;9;10;11;13;15;19;20;23;24;25
2668;2022-11-21;1;3;5;8;9;13;15;16;17;18;19;20;22;23;24
2669;2022-11-22;1;4;6;7;8;9;10;11;14;15;19;20;21;24;25
2670;2022-11-23;1;3;5;7;8;13;15;17;18;19;21;22;23;24;25
2671;2022-11-24;1;2;5;7;8;9;10;11;12;13;18;20;21;22;25
2672;2022-11-25;2;3;5;6;9;10;11;13;15;16;17;19;21;22;24
2673;2022-11-26;2;3;4;5;7;8;10;11;12;14;15;20;22;23;24
2674;2022-11-28;1;2;3;4;5;7;8;11;12;13;14;15;16;20;25
2675;2022-11-29;2;4;7;9;10;12;13;14;16;18;20;22;23;24;25
2676;2022-11-30;2;6;8;9;11;13;14;15;16;18;19;21;22;23;25
2677;2022-12-01;1;3;4;6;8;10;11;12;14;16;17;18;21;22;24
2678;2022-12-02;2;4;5;6;7;8;9;10;11;15;16;17;20;22;24
2679;2022-12-03;4;5;6;7;8;9;10;12;13;16;19;20;22;24;25
2680;2022-12-05;1;2;4;5;9;10;11;13;15;16;17;19;20;23;24
2681;2022-12-06;2;4;7;8;10;12;13;14;16;17;18;19;21;22;24
2682;2022-12-07;3;4;6;7;8;9;10;11;12;14;15;16;19;23;24
2683;2022-12-08;1;2;3;4;8;10;11;12;13;14;20;21;22;23;25
2684;2022-12-09;2;4;6;7;8;9;10;11;12;13;15;20;22;23;25
2685;2022-12-10;4;5;6;7;8;9;11;16;17;18;20;21;22;24;25
2686;2022-12-12;1;3;4;5;7;8;9;13;14;15;16;19;20;21;24
2687;2022-12-13;3;4;5;6;7;10;11;13;14;15;16;19;20;21;22
2688;2022-12-14;2;4;5;6;7;8;10;11;14;16;17;18;20;22;25
2689;2022-12-15;2;3;4;5;8;9;10;14;15;16;18;21;22;23;24
2690;2022-12-16;1;3;5;6;7;8;11;12;15;17;18;20;21;23;24
2691;2022-12-17;1;2;6;9;10;11;12;13;15;17;18;19;21;24;25
2692;2022-12-19;1;2;3;4;6;8;9;11;13;14;15;20;21;22;24
2693;2022-12-20;3;7;8;9;10;13;14;15;16;19;20;21;22;24;25
2694;2022-12-21;3;5;7;8;9;10;11;12;13;14;15;20;21;23;24
2695;2022-12-22;1;2;8;9;10;11;12;13;15;17;20;21;23;24;25
2696;2022-12-23;1;2;3;4;6;7;8;9;11;13;14;15;16;18;22
2697;2022-12-24;2;5;6;9;10;11;13;14;15;18;19;20;21;22;25
2698;2022-12-26;1;2;3;4;5;8;9;10;12;17;20;22;23;24;25
2699;2022-12-27;1;3;4;6;7;8;11;13;14;15;16;20;22;23;24
2700;2022-12-28;3;4;5;6;7;9;13;14;16;17;19;21;22;24;25
2701;2022-12-29;1;3;4;5;7;9;12;14;16;18;19;21;22;23;25
2702;2022-12-30;1;2;4;6;7;10;14;15;16;17;18;19;21;23;25
2703;2022-12-31;1;2;5;7;9;10;12;13;14;17;19;20;21;23;24
2704;2023-01-03;2;5;7;8;9;10;11;12;13;16;18;19;20;21;23
2705;2023-01-04;2;3;4;7;8;9;14;16;17;18;19;20;22;24;25
2706;2023-01-05;1;3;4;7;8;9;10;11;12;13;15;18;21;22;25
2707;2023-01-06;1;2;4;5;8;9;10;11;14;15;16;17;18;21;25
2708;2023-01-07;1;2;3;5;6;13;14;16;18;19;21;22;23;24;25
2709;2023-01-09;1;2;3;5;9;10;11;12;13;19;21;22;23;24;25
2710;2023-01-10;1;2;3;4;7;10;11;12;13;14;16;17;20;24;25
2711;2023-01-11;1;3;4;8;11;12;15;16;18;19;20;22;23;24;25
2712;2023-01-12;2;3;8;11;12;13;16;17;18;19;20;22;23;24;25
2713;2023-01-13;2;3;5;6;7;8;9;12;15;18;19;20;21;22;24
2714;2023-01-14;2;3;5;6;8;9;11;13;16;17;18;21;23;24;25
2715;2023-01-16;2;4;6;7;11;12;13;14;15;17;18;19;22;23;25
2716;2023-01-17;1;4;6;8;9;10;13;14;15;17;18;19;20;21;24
2717;2023-01-18;2;3;4;5;9;10;11;14;15;16;17;20;21;22;24
2718;2023-01-19;1;2;3;4;6;7;8;12;15;19;20;21;22;23;25
2719;2023-01-20;1;4;5;6;8;10;11;13;14;15;17;19;22;23;24
2720;2023-01-21;1;4;5;6;7;8;9;11;13;15;17;19;21;22;23
2721;2023-01-23;1;3;5;8;10;11;12;13;14;16;18;19;20;21;25
2722;2023-01-24;1;2;3;4;5;6;8;12;18;20;21;22;23;24;25
2723;2023-01-25;1;2;3;6;7;8;10;12;15;17;20;21;22;23;24
2724;2023-01-26;1;3;5;6;8;12;13;14;17;19;20;21;22;24;25
2725;2023-01-27;1;2;4;5;7;8;9;10;11;12;14;17;22;23;24
2726;2023-01-28;2;5;6;8;9;10;11;14;16;17;18;19;20;21;23
2727;2023-01-30;2;3;4;8;9;10;11;12;13;16;17;18;19;20;23
2728;2023-01-31;1;2;3;4;5;9;10;11;13;14;16;17;18;20;22
2729;2023-02-01;2;4;5;6;8;9;10;12;13;14;19;20;21;22;25
2730;2023-02-02;2;4;7;10;11;13;14;15;16;19;20;21;23;24;25
2731;2023-02-03;1;3;7;8;9;11;12;13;14;18;19;20;21;23;25
2732;2023-02-04;2;3;5;6;8;10;12;15;16;18;19;20;21;24;25
2733;2023-02-06;1;3;4;6;7;8;10;11;12;14;19;21;22;24;25
2734;2023-02-07;1;3;5;6;8;10;11;12;14;15;17;18;21;22;23
2735;2023-02-08;1;2;4;5;6;8;9;11;12;14;17;18;21;23;24
2736;2023-02-09;1;3;6;8;11;12;14;15;17;18;19;20;21;23;25
2737;2023-02-10;3;4;5;7;9;10;11;16;17;18;19;20;23;24;25
2738;2023-02-11;1;3;4;10;11;12;13;14;15;16;19;20;21;24;25
2739;2023-02-13;1;2;3;4;5;6;7;11;13;15;16;18;22;23;25
2740;2023-02-14;2;3;5;6;7;8;9;10;11;13;14;15;17;19;23
2741;2023-02-15;1;2;4;5;6;7;8;9;13;15;18;22;23;24;25
2742;2023-02-16;1;2;4;5;7;9;11;12;13;14;15;17;18;20;22
2743;2023-02-17;1;4;6;8;9;12;13;16;17;18;19;20;22;23;24
2744;2023-02-18;1;2;3;4;6;7;8;9;11;12;15;20;21;23;25
2745;2023-02-22;1;6;7;9;10;11;12;14;15;17;19;22;23;24;25
2746;2023-02-23;1;3;4;6;7;10;11;12;13;17;18;19;23;24;25
2747;2023-02-24;1;2;5;7;8;10;11;12;14;17;18;19;20;21;25
2748;2023-02-25;1;2;4;5;6;8;9;10;12;14;16;19;22;23;24
2749;2023-02-27;2;5;6;7;9;10;12;13;14;16;18;20;21;22;24
2750;2023-02-28;1;2;6;7;8;9;11;13;14;16;17;18;21;22;23
2751;2023-03-01;1;2;3;5;9;10;12;13;15;16;17;19;23;24;25
2752;2023-03-02;2;3;4;7;10;11;12;15;16;17;20;21;22;23;25
2753;2023-03-03;2;5;7;8;11;12;14;16;17;18;20;21;22;24;25
2754;2023-03-04;2;3;4;8;9;10;13;14;16;17;18;19;20;24;25
2755;2023-03-06;1;3;5;7;8;9;10;11;12;15;16;17;21;22;23
2756;2023-03-07;1;2;5;6;8;10;11;12;14;15;18;20;21;22;23
2757;2023-03-08;1;3;5;6;7;8;9;10;12;13;17;18;19;23;25
2758;2023-03-09;1;2;3;4;7;10;11;12;13;16;18;21;22;23;24
2759;2023-03-10;2;3;7;9;10;11;12;13;15;17;18;19;20;21;23
2760;2023-03-11;1;2;4;6;7;10;11;13;14;15;17;18;20;22;24
2761;2023-03-13;1;2;3;4;8;11;13;14;15;17;18;19;20;21;22
2762;2023-03-14;2;5;6;9;10;11;12;13;16;17;19;21;22;23;24
2763;2023-03-15;1;2;4;6;8;9;10;11;13;15;16;18;19;20;23
2764;2023-03-16;1;2;4;5;7;10;11;12;13;16;19;20;23;24;25
2765;2023-03-17;2;3;5;6;7;11;14;15;16;19;20;21;23;24;25
2766;2023-03-18;1;3;4;6;8;9;11;14;15;17;19;21;22;23;25
2767;2023-03-20;2;3;6;7;8;11;15;16;17;18;19;20;21;22;24
2768;2023-03-21;1;4;5;7;9;11;13;14;15;16;19;20;22;23;25
2769;2023-03-22;1;2;3;5;7;8;10;11;12;16;17;18;21;24;25
2770;2023-03-23;2;3;4;6;8;10;11;12;13;15;18;19;20;21;23
2771;2023-03-24;4;6;7;8;9;12;15;16;17;18;19;20;22;23;25
2772;2023-03-25;1;2;5;7;8;9;10;11;12;16;17;19;23;24;25
2773;2023-03-27;1;2;3;4;5;7;11;14;16;18;20;21;22;23;24
2774;2023-03-28;1;2;4;6;8;12;13;15;18;20;21;22;23;24;25
2775;2023-03-29;1;2;3;4;8;12;14;15;18;19;20;22;23;24;25
2776;2023-03-30;1;2;4;5;8;12;13;14;15;17;18;19;20;22;23
2777;2023-03-31;3;6;7;8;9;11;12;13;14;15;17;20;21;24;25
2778;2023-04-01;1;4;5;6;9;10;11;12;13;15;18;19;20;22;25
2779;2023-04-03;1;2;6;7;8;9;10;11;12;15;18;20;21;23;25
2780;2023-04-04;3;4;7;9;10;11;13;14;17;19;20;21;22;23;24
2781;2023-04-05;3;4;5;7;8;10;14;15;16;17;18;20;23;24;25
2782;2023-04-06;1;4;6;9;10;11;12;16;17;18;19;20;22;23;24
2783;2023-04-08;2;4;7;8;9;10;11;13;15;19;20;21;22;24;25
2784;2023-04-10;1;2;3;4;6;7;8;10;11;14;15;19;21;22;25
2785;2023-04-11;1;4;5;9;11;14;15;17;18;19;20;21;23;24;25
2786;2023-04-12;1;2;3;5;6;7;10;12;15;16;17;18;21;23;25
2787;2023-04-13;1;4;7;9;11;12;14;16;18;19;21;22;23;24;25
2788;2023-04-14;2;3;5;6;7;8;9;10;12;14;15;19;20;24;25
2789;2023-04-15;3;4;6;7;8;9;10;12;13;14;15;18;19;20;25
2790;2023-04-17;2;3;5;7;8;9;10;11;12;13;16;20;21;22;25
2791;2023-04-18;3;4;6;8;10;11;14;15;16;17;20;22;23;24;25
2792;2023-04-19;1;3;6;8;9;10;11;13;16;17;18;20;21;23;25
2793;2023-04-20;2;3;4;5;6;7;8;13;14;15;18;20;21;22;24
2794;2023-04-22;1;2;3;5;6;8;10;14;15;16;17;20;21;22;25
2795;2023-04-24;1;2;3;4;5;6;7;8;9;11;15;18;19;22;25
2796;2023-04-25;1;3;4;7;9;10;12;15;16;19;20;21;22;24;25
2797;2023-04-26;3;4;5;6;10;11;13;14;16;18;19;20;22;23;25
2798;2023-04-27;1;2;3;5;7;8;12;14;15;16;18;20;22;23;24
2799;2023-04-28;1;3;6;9;10;11;13;14;15;16;18;20;21;22;23
2800;2023-04-29;2;3;5;6;7;9;13;14;15;16;17;20;21;22;23
2801;2023-05-02;1;2;3;7;9;12;15;16;17;18;19;20;22;24;25
2802;2023-05-03;1;2;3;4;6;8;9;12;13;16;17;18;22;23;25
2803;2023-05-04;1;5;6;7;8;9;12;13;14;16;18;20;21;24;25
2804;2023-05-05;2;3;4;7;8;9;10;11;12;13;14;16;21;23;24
2805;2023-05-06;5;6;7;8;10;11;12;13;14;18;19;20;22;23;25
2806;2023-05-08;1;2;3;4;5;11;12;13;14;16;17;19;20;23;25
2807;2023-05-09;1;3;5;6;7;9;10;11;12;13;14;15;16;22;24
2808;2023-05-10;4;6;8;9;10;12;13;14;15;18;19;20;21;22;24
2809;2023-05-11;1;2;4;5;7;8;13;15;18;19;20;21;22;24;25
2810;2023-05-12;2;4;5;7;10;11;12;13;14;18;19;20;23;24;25
2811;2023-05-13;2;3;4;5;6;7;8;9;10;11;15;16;22;23;25
2812;2023-05-15;1;3;8;11;12;13;14;15;19;20;21;22;23;24;25
2813;2023-05-16;1;2;3;4;7;11;13;14;15;18;19;21;22;24;25
2814;2023-05-17;1;2;4;7;8;11;12;13;15;19;20;22;23;24;25
2815;2023-05-18;3;4;5;6;7;8;9;10;13;16;18;19;22;24;25
2816;2023-05-19;1;2;8;9;11;13;14;15;16;18;19;21;22;24;25
2817;2023-05-20;3;4;5;7;8;12;13;17;18;19;20;21;22;24;25
2818;2023-05-22;1;2;3;4;5;7;9;10;11;12;13;14;15;17;24
2819;2023-05-23;1;2;4;5;6;8;10;11;14;18;20;21;22;23;24
2820;2023-05-24;4;5;6;9;10;12;13;14;17;18;19;20;21;23;25
2821;2023-05-25;2;3;4;5;6;8;9;10;12;13;19;20;21;22;23
2822;2023-05-26;1;3;4;5;6;9;10;11;12;17;20;21;23;24;25
2823;2023-05-27;1;4;6;13;14;15;16;17;18;19;20;21;23;24;25
2824;2023-05-29;1;2;5;7;9;12;13;14;15;16;20;21;22;24;25
2825;2023-05-30;2;3;4;6;7;8;9;14;17;18;20;21;22;24;25
2826;2023-05-31;1;2;3;5;7;9;11;12;13;16;17;18;19;21;23
2827;2023-06-01;1;2;3;5;6;7;10;13;15;16;17;18;19;21;24
2828;2023-06-02;1;5;6;8;11;12;14;15;16;17;18;19;20;21;25
2829;2023-06-03;2;3;5;6;7;8;9;10;11;13;14;15;17;18;25
2830;2023-06-05;2;3;4;8;9;10;11;12;13;17;18;20;21;22;25
2831;2023-06-06;2;3;5;7;10;11;13;14;15;16;17;19;20;22;25
2832;2023-06-07;1;2;3;5;6;11;14;15;16;19;20;21;22;23;24
2833;2023-06-09;2;3;4;5;6;11;13;14;16;18;19;22;23;24;25
2834;2023-06-10;1;6;8;10;11;12;13;14;17;19;20;21;22;23;25
2835;2023-06-12;2;4;6;7;8;9;10;12;13;14;15;16;21;22;25
2836;2023-06-13;1;2;3;4;7;9;12;14;15;17;18;20;21;22;23
2837;2023-06-14;1;2;5;6;8;10;12;17;18;19;20;21;22;24;25
2838;2023-06-15;3;4;5;6;7;8;10;11;12;13;15;16;21;23;25
2839;2023-06-16;1;3;4;5;6;10;12;13;15;16;17;18;20;21;24
2840;2023-06-17;1;2;4;5;6;7;10;11;13;14;16;20;22;24;25
2841;2023-06-19;3;5;6;7;8;9;14;17;18;19;20;21;23;24;25
2842;2023-06-20;3;6;7;8;10;11;12;13;17;18;20;21;22;24;25
2843;2023-06-21;2;4;7;9;10;12;13;16;18;20;21;22;23;24;25
2844;2023-06-22;4;5;6;7;10;11;12;13;14;17;21;22;23;24;25
2845;2023-06-23;1;2;5;7;8;10;11;12;15;17;18;19;20;23;24
2846;2023-06-24;4;6;8;9;10;12;13;14;15;17;19;20;21;23;24
2847;2023-06-26;2;4;5;6;8;9;10;12;13;14;15;18;21;22;24
2848;2023-06-27;1;2;4;6;7;9;11;12;13;16;17;19;23;24;25
2849;2023-06-28;1;2;6;9;10;11;12;15;16;18;19;20;21;24;25
2850;2023-06-29;1;2;6;9;11;12;14;15;16;18;19;20;22;23;24
2851;2023-06-30;1;3;5;6;8;9;10;12;15;16;19;20;21;22;25
2852;2023-07-01;1;2;4;6;8;9;10;12;13;14;15;17;19;22;24
2853;2023-07-03;1;2;3;4;5;9;11;12;13;14;17;21;22;24;25
2854;2023-07-04;1;3;5;7;8;9;10;12;14;15;17;19;20;23;25
2855;2023-07-05;1;2;3;4;7;8;9;10;16;17;19;21;22;23;24
2856;2023-07-06;1;2;3;4;5;7;9;12;15;18;20;22;23;24;25
2857;2023-07-07;1;3;4;6;7;8;9;10;12;15;16;17;19;22;23
2858;2023-07-08;1;2;4;5;6;8;11;12;13;15;17;19;20;22;24
2859;2023-07-10;1;2;5;6;8;9;10;11;12;14;17;18;21;22;25
2860;2023-07-11;1;2;3;4;5;8;9;12;13;14;15;16;18;20;21
2861;2023-07-12;1;5;7;10;11;12;14;15;16;17;18;19;20;21;25
2862;2023-07-13;1;2;3;4;6;8;9;12;13;16;18;20;21;22;23
2863;2023-07-14;1;2;5;6;7;8;9;11;13;14;19;20;21;22;25
2864;2023-07-15;3;4;5;6;7;8;9;10;11;15;16;17;19;22;23
2865;2023-07-17;2;4;5;6;9;11;12;13;14;15;18;20;21;22;23
2866;2023-07-18;1;2;3;7;8;9;11;12;14;16;17;21;22;24;25
2867;2023-07-19;1;5;7;9;10;12;13;14;15;18;20;21;22;23;25
2868;2023-07-20;1;2;3;4;6;7;8;9;10;14;17;22;23;24;25
2869;2023-07-21;1;2;3;4;6;7;9;10;11;13;16;19;23;24;25
2870;2023-07-22;1;2;4;5;7;9;10;11;14;15;16;17;19;22;25
2871;2023-07-24;1;2;5;6;7;8;9;10;12;16;17;20;21;23;25
2872;2023-07-25;1;2;6;7;9;12;13;14;17;18;19;21;22;23;25
2873;2023-07-26;1;6;7;8;10;12;14;15;16;18;21;22;23;24;25
2874;2023-07-27;1;3;4;6;7;9;10;11;12;13;17;18;19;20;23
2875;2023-07-28;1;2;4;6;7;8;9;11;12;13;14;15;18;19;25
2876;2023-07-29;2;3;5;6;7;8;9;10;14;15;16;18;20;22;25
2877;2023-07-31;1;3;7;9;10;12;13;14;15;17;19;20;22;24;25
2878;2023-08-01;1;2;4;5;7;11;12;13;14;15;18;20;21;22;24
2879;2023-08-02;1;2;3;4;6;7;10;12;13;16;17;19;20;24;25
2880;2023-08-03;1;2;4;5;7;8;9;12;13;14;15;21;22;23;25
2881;2023-08-04;1;3;4;6;7;10;11;12;13;16;18;19;20;23;25
2882;2023-08-05;2;3;6;7;9;10;14;16;17;19;20;21;22;23;24
2883;2023-08-07;5;7;8;9;10;11;12;13;15;17;18;19;20;21;25
2884;2023-08-08;1;2;3;6;7;10;11;12;14;16;18;20;21;22;23
2885;2023-08-09;2;3;7;8;10;11;14;16;17;18;19;21;22;23;24
2886;2023-08-10;1;4;5;7;8;9;13;14;15;16;17;19;22;24;25
2887;2023-08-11;1;2;3;7;9;10;11;12;17;18;19;20;21;22;24
2888;2023-08-12;1;2;4;7;8;10;12;13;15;17;19;20;22;24;25
2889;2023-08-14;2;4;6;7;8;10;12;14;15;16;18;20;23;24;25
2890;2023-08-15;1;4;6;7;9;10;11;12;15;16;18;19;20;21;23
2891;2023-08-16;1;2;5;6;10;11;12;13;15;17;18;20;21;23;24
2892;2023-08-17;4;5;6;8;9;10;14;16;17;18;19;20;21;22;23
2893;2023-08-18;1;4;5;6;8;9;10;11;17;19;20;21;23;24;25
2894;2023-08-19;1;2;3;4;5;6;7;8;13;14;15;17;20;22;23
2895;2023-08-21;2;3;5;8;9;11;14;15;16;17;18;21;22;24;25
2896;2023-08-22;1;2;5;7;8;9;11;13;15;16;17;18;20;23;24
2897;2023-08-23;1;7;9;10;11;12;13;14;17;18;19;21;23;24;25
2898;2023-08-24;1;6;9;10;12;14;15;16;17;18;20;21;22;23;24
2899;2023-08-25;2;3;5;7;8;10;13;14;15;16;17;18;19;22;25
2900;2023-09-09;1;3;4;5;6;7;10;11;14;18;19;20;23;24;25
2901;2023-09-11;1;4;5;9;10;13;14;15;16;17;20;21;22;23;25
2902;2023-09-12;2;3;4;5;6;7;8;10;11;13;15;19;21;24;25
2903;2023-09-13;2;3;4;5;10;12;14;16;17;18;20;21;23;24;25
2904;2023-09-14;1;2;4;5;8;9;10;11;14;17;18;20;21;22;24
2905;2023-09-15;1;2;3;4;6;9;10;11;13;14;16;20;22;23;24
2906;2023-09-16;1;2;3;5;6;7;9;13;15;16;17;18;19;20;23
2907;2023-09-18;1;2;3;7;8;9;10;13;14;15;16;17;20;22;23
2908;2023-09-19;5;6;7;10;11;12;13;14;16;17;18;19;20;22;24
2909;2023-09-20;2;5;6;7;9;10;12;16;17;18;19;20;21;23;24
2910;2023-09-21;1;2;6;7;8;9;10;13;15;18;19;20;21;23;24
2911;2023-09-22;3;4;6;8;9;10;11;16;18;19;20;22;23;24;25
2912;2023-09-23;1;2;4;6;10;11;14;15;16;17;19;20;22;23;25
2913;2023-09-25;3;4;6;7;8;9;10;12;15;17;19;21;22;24;25
2914;2023-09-26;3;4;5;6;7;8;9;10;11;16;17;18;20;21;25
2915;2023-09-27;2;4;6;7;9;11;12;13;14;15;16;19;21;23;25
2916;2023-09-28;1;3;5;11;12;14;15;17;18;19;20;21;22;24;25
2917;2023-09-29;3;4;6;9;10;14;15;16;17;19;20;21;23;24;25
2918;2023-09-30;2;6;7;8;10;11;12;14;15;16;18;20;23;24;25
2919;2023-10-02;3;4;5;6;7;9;10;13;16;17;18;20;22;24;25
2920;2023-10-03;1;2;4;5;6;7;9;10;12;13;14;17;18;21;22
2921;2023-10-04;1;3;4;7;9;13;14;15;16;17;18;19;21;22;24
2922;2023-10-05;1;2;4;5;6;8;11;12;13;15;16;17;19;21;24
2923;2023-10-06;4;6;7;9;11;12;13;16;17;18;20;22;23;24;25
2924;2023-10-07;2;3;4;5;6;7;8;9;12;13;14;18;20;23;24
2925;2023-10-09;3;4;5;6;7;8;9;10;11;18;21;22;23;24;25
2926;2023-10-10;1;2;3;4;7;8;9;13;15;17;18;19;22;24;25
2927;2023-10-11;1;4;7;8;9;11;12;14;15;16;17;21;22;23;24
2928;2023-10-13;1;3;4;6;7;9;13;14;15;16;17;18;19;21;24
2929;2023-10-14;1;2;4;6;7;9;11;12;15;17;18;20;21;24;25
2930;2023-10-16;1;2;3;4;6;7;9;10;11;14;16;19;21;22;23
2931;2023-10-17;1;2;4;5;6;7;11;13;14;16;17;18;19;20;21
2932;2023-10-18;2;5;6;7;8;9;10;11;14;16;17;18;20;21;24
2933;2023-10-19;1;2;3;4;6;7;8;10;14;15;17;18;20;22;25
2934;2023-10-20;2;3;6;7;8;10;11;12;13;16;18;19;20;23;24
2935;2023-10-21;1;3;4;6;8;9;13;14;15;19;20;21;22;24;25
2936;2023-10-23;1;4;8;9;10;11;12;13;16;18;19;20;21;23;24
2937;2023-10-24;1;2;3;4;5;6;8;9;10;13;17;21;23;24;25
2938;2023-10-25;1;2;3;4;5;6;8;9;10;11;15;17;20;21;24
2939;2023-10-26;2;3;5;6;7;9;10;11;12;13;17;18;20;22;23
2940;2023-10-27;1;2;5;7;8;9;11;12;13;14;15;20;21;24;25
2941;2023-10-28;4;5;6;7;8;10;11;12;14;17;20;21;22;24;25
2942;2023-10-30;4;5;6;7;8;9;10;14;16;17;18;19;20;23;25
2943;2023-10-31;1;4;5;8;9;10;11;12;15;16;17;18;19;20;25
2944;2023-11-01;1;2;4;5;6;7;11;12;13;15;17;18;20;21;24
2945;2023-11-03;5;6;7;8;10;13;14;15;17;18;19;20;21;22;25
2946;2023-11-04;1;3;4;5;10;12;13;14;15;16;19;20;23;24;25
2947;2023-11-06;2;3;4;6;7;8;9;11;12;13;15;20;22;24;25
2948;2023-11-07;1;3;5;7;8;9;10;11;12;16;18;21;23;24;25
2949;2023-11-08;6;7;9;12;13;14;15;16;17;18;20;21;22;23;24
2950;2023-11-09;1;3;6;7;8;9;10;13;14;16;17;19;20;22;25
2951;2023-11-10;1;3;6;8;9;10;13;15;16;17;18;19;20;21;22
2952;2023-11-11;1;2;3;4;5;6;8;9;11;12;16;19;20;21;22
2953;2023-11-13;1;3;4;5;7;8;9;13;17;18;19;20;21;22;23
2954;2023-11-14;1;2;3;5;7;9;10;12;14;18;19;22;23;24;25
2955;2023-11-16;1;2;3;4;6;8;11;12;13;16;17;18;19;23;24
2956;2023-11-17;3;5;7;9;14;16;17;18;19;20;21;22;23;24;25
2957;2023-11-18;1;2;4;5;7;8;9;10;11;15;17;19;20;21;24
2958;2023-11-20;4;6;7;8;10;11;12;13;14;18;20;22;23;24;25
2959;2023-11-21;1;3;4;5;8;10;11;14;15;16;20;21;23;24;25
2960;2023-11-22;1;2;3;4;5;8;9;11;12;15;16;19;20;23;25
2961;2023-11-23;1;3;4;5;7;8;9;10;13;15;17;18;20;23;25
2962;2023-11-24;1;3;6;7;9;11;12;14;15;17;18;20;22;24;25
2963;2023-11-25;1;2;3;4;9;10;11;12;13;14;15;18;21;24;25
2964;2023-11-27;1;3;4;5;7;9;10;11;12;14;18;20;22;23;25
2965;2023-11-28;1;3;7;8;10;11;12;14;15;16;17;18;19;23;24
2966;2023-11-29;1;3;4;6;7;8;11;12;13;17;18;19;20;22;23
2967;2023-11-30;1;2;3;4;6;7;8;9;14;17;18;19;20;22;25
2968;2023-12-01;2;4;5;6;7;9;10;13;14;15;18;19;20;21;23
2969;2023-12-02;3;4;5;6;9;11;13;17;18;19;20;21;22;23;24
2970;2023-12-04;1;2;3;8;9;11;12;13;14;15;18;20;21;22;25
2971;2023-12-05;1;2;4;5;10;11;12;14;15;16;17;18;20;21;25
2972;2023-12-06;3;4;5;6;8;11;12;13;14;18;19;20;21;24;25
2973;2023-12-07;1;2;4;6;8;9;10;11;14;16;17;18;19;20;25
2974;2023-12-08;4;6;8;9;10;12;13;14;15;16;18;19;20;21;24
2975;2023-12-09;5;8;11;12;13;14;15;16;17;18;20;21;22;23;24
2976;2023-12-11;1;2;4;6;8;9;10;12;13;14;17;18;20;21;24
2977;2023-12-12;3;5;6;7;8;9;10;11;13;14;18;20;22;24;25
2978;2023-12-13;5;6;7;10;12;13;14;15;16;17;20;21;23;24;25
2979;2023-12-14;2;4;5;6;8;9;10;11;13;14;19;20;22;24;25
2980;2023-12-15;1;2;4;7;8;12;14;15;16;17;19;20;21;24;25
2981;2023-12-16;1;2;5;6;9;10;13;14;17;19;20;21;22;24;25
2982;2023-12-18;2;6;7;8;10;12;14;15;16;18;19;20;21;23;24
2983;2023-12-19;1;2;3;4;6;7;8;9;12;13;15;19;23;24;25
2984;2023-12-20;2;3;5;6;7;8;9;13;14;15;18;20;23;24;25
2985;2023-12-21;2;3;4;5;7;11;12;14;15;18;19;21;22;24;25
2986;2023-12-22;1;3;4;7;10;12;13;14;16;18;19;20;22;23;25
2987;2023-12-23;1;3;4;6;7;8;11;12;13;14;15;16;17;18;20
2988;2023-12-26;1;3;6;7;9;10;11;12;13;14;17;19;20;22;23
2989;2023-12-27;1;2;4;11;12;13;15;16;18;19;20;22;23;24;25
2990;2023-12-28;3;4;5;6;10;12;13;16;18;20;21;22;23;24;25
2991;2023-12-29;1;2;3;4;5;6;9;11;12;13;14;16;22;23;25
2992;2023-12-30;1;4;5;6;8;9;12;14;17;18;19;21;22;23;25
2993;2024-01-02;1;2;3;4;5;7;8;12;13;15;16;18;19;24;25
2994;2024-01-03;2;3;4;5;8;9;11;13;15;16;17;18;19;20;21
2995;2024-01-04;1;2;3;4;6;11;12;16;19;20;21;22;23;24;25
2996;2024-01-05;1;2;3;4;5;10;11;14;15;17;18;19;20;22;24
2997;2024-01-06;2;3;4;5;7;8;9;11;14;17;19;20;22;23;25
2998;2024-01-08;2;6;7;9;10;12;13;14;16;17;18;19;21;23;25
2999;2024-01-09;1;2;3;4;7;10;11;13;17;18;19;20;22;24;25
3000;2024-01-10;1;2;5;6;9;10;11;12;15;17;18;19;21;24;25
3001;2024-01-11;2;4;6;10;11;12;13;14;18;19;20;21;23;24;25
3002;2024-01-12;3;4;6;7;8;10;12;14;15;18;19;21;22;23;25
3003;2024-01-13;1;2;5;8;9;10;11;13;14;16;18;19;22;23;25
3004;2024-01-15;1;4;5;8;9;10;11;12;14;16;18;19;21;24;25
3005;2024-01-16;1;2;3;5;7;9;10;12;13;16;18;19;21;24;25
3006;2024-01-17;1;3;4;5;6;8;9;10;11;12;15;19;21;23;25
3007;2024-01-18;2;3;4;10;11;12;14;15;16;20;21;22;23;24;25
3008;2024-01-19;1;2;4;6;7;8;9;10;12;13;15;16;18;19;24
3009;2024-01-20;2;3;4;7;9;11;12;14;18;19;20;22;23;24;25
3010;2024-01-22;1;2;3;6;7;8;11;12;14;15;16;17;18;20;25
3011;2024-01-23;1;2;3;4;5;7;8;9;10;11;13;15;21;23;24
3012;2024-01-24;1;2;3;5;6;7;14;15;16;17;20;21;23;24;25
3013;2024-01-25;1;2;3;5;7;8;10;11;13;15;17;18;19;21;22
3014;2024-01-26;2;5;7;8;9;11;12;13;14;16;17;19;21;23;24
3015;2024-01-27;1;3;4;5;6;7;8;10;12;13;14;17;19;20;22
3016;2024-01-29;1;3;5;7;8;9;10;11;12;13;18;20;23;24;25
3017;2024-01-30;1;2;3;5;6;7;9;11;12;15;16;17;19;20;21
3018;2024-01-31;1;2;3;5;9;10;13;15;16;17;20;21;23;24;25
3019;2024-02-01;1;2;3;4;6;9;10;11;12;13;16;17;18;20;21
3020;2024-02-02;2;3;6;7;10;13;14;15;17;18;19;20;22;23;24
3021;2024-02-03;2;4;5;7;8;10;11;12;13;14;19;20;23;24;25
3022;2024-02-05;6;7;8;9;10;12;13;14;15;16;17;20;21;23;25
3023;2024-02-06;2;3;6;7;10;12;13;15;16;18;20;21;22;23;25
3024;2024-02-07;1;2;4;6;7;9;11;12;15;17;19;22;23;24;25
3025;2024-02-08;3;4;6;7;8;11;12;13;14;16;19;21;22;23;24
3026;2024-02-09;1;2;3;4;5;6;9;10;12;15;16;17;21;22;23
3027;2024-02-10;3;5;6;8;11;13;14;15;17;18;19;20;22;23;25
3028;2024-02-14;1;2;3;4;6;10;11;15;17;18;19;21;22;24;25
3029;2024-02-15;5;6;7;8;9;10;12;13;15;16;17;18;20;22;25
3030;2024-02-16;1;3;4;5;6;8;10;13;14;15;17;18;22;24;25
3031;2024-02-17;2;3;6;7;8;9;10;11;12;13;14;20;23;24;25
3032;2024-02-19;1;2;4;6;7;8;10;11;14;15;17;18;19;23;24
3033;2024-02-20;1;2;3;4;6;7;9;10;11;13;15;19;23;24;25
3034;2024-02-21;2;3;6;7;8;9;11;12;13;14;16;18;19;22;25
3035;2024-02-22;1;5;7;8;9;12;13;14;17;18;20;21;23;24;25
3036;2024-02-23;1;4;5;7;8;9;11;13;14;17;18;20;21;22;25
3037;2024-02-24;1;2;3;4;7;8;9;10;11;12;15;16;20;22;23
3038;2024-02-26;2;3;4;5;11;12;16;17;18;20;21;22;23;24;25
3039;2024-02-27;1;2;4;5;6;7;8;10;11;13;18;19;22;24;25
3040;2024-02-28;2;3;4;5;7;8;9;10;11;12;14;16;18;20;21
3041;2024-02-29;1;3;5;8;9;10;11;12;13;15;16;18;21;22;25
3042;2024-03-01;1;3;4;5;7;8;9;10;11;17;19;21;22;24;25
3043;2024-03-02;1;2;3;4;8;9;10;12;13;14;15;17;18;24;25
3044;2024-03-04;2;3;6;8;9;12;13;16;17;18;19;20;21;22;24
3045;2024-03-05;2;3;5;8;9;10;12;15;16;17;18;20;21;23;25
3046;2024-03-06;1;3;4;5;6;7;12;13;15;18;20;21;22;23;25
3047;2024-03-07;1;2;4;7;8;9;10;11;14;15;17;18;21;24;25
3048;2024-03-08;3;4;5;7;8;10;11;16;18;19;20;21;23;24;25
3049;2024-03-09;1;2;3;4;5;7;8;9;12;13;14;15;17;19;20
3050;2024-03-11;4;5;6;7;8;9;14;18;19;20;21;22;23;24;25
3051;2024-03-12;2;3;4;6;9;10;11;12;15;17;18;20;21;22;25
3052;2024-03-13;2;3;4;8;9;10;11;14;15;18;19;20;21;23;24
3053;2024-03-14;2;4;5;7;8;12;13;14;16;17;18;19;21;22;23
3054;2024-03-15;1;2;4;8;9;10;14;15;18;19;20;21;22;23;24
3055;2024-03-16;2;3;7;8;9;10;11;12;14;15;17;20;21;22;23
3056;2024-03-18;1;2;3;4;5;8;9;15;16;17;19;21;22;23;25
3057;2024-03-19;1;3;4;8;11;13;15;16;18;19;20;21;22;23;24
3058;2024-03-20;1;2;5;7;8;9;10;13;14;15;16;19;22;24;25
3059;2024-03-21;1;3;4;5;7;8;11;12;15;16;18;19;20;21;25
3060;2024-03-22;2;4;5;7;8;10;12;13;14;17;19;21;22;24;25
3061;2024-03-23;1;2;3;8;9;11;12;13;14;15;17;18;19;20;22
3062;2024-03-25;2;4;6;7;8;9;10;11;12;13;17;19;20;24;25
3063;2024-03-26;2;4;5;7;8;10;12;14;16;17;18;19;20;21;22
3064;2024-03-27;4;5;6;7;10;11;12;13;14;15;17;18;21;23;25
3065;2024-03-28;1;6;7;9;10;12;14;15;16;17;20;21;22;23;24
3066;2024-03-30;1;3;5;10;11;12;13;14;16;17;19;21;22;23;25
3067;2024-04-01;1;2;5;7;8;9;11;13;14;17;19;20;21;22;24
3068;2024-04-02;1;2;3;4;5;6;10;11;12;13;14;16;18;19;25
3069;2024-04-03;3;4;5;9;11;12;14;15;16;17;19;20;22;23;25
3070;2024-04-04;3;5;7;8;10;11;13;14;15;19;20;21;23;24;25
3071;2024-04-05;1;2;4;7;8;10;11;12;14;15;17;19;21;23;25
3072;2024-04-06;1;2;3;4;5;6;8;11;13;14;15;17;20;21;25
3073;2024-04-08;1;2;3;5;7;8;9;10;11;12;16;17;22;24;25
3074;2024-04-09;2;3;4;6;7;8;9;10;16;17;19;20;23;24;25
3075;2024-04-10;1;3;4;6;7;9;12;13;14;15;16;17;20;22;25
3076;2024-04-11;1;2;5;6;7;9;10;12;13;14;16;17;22;24;25
3077;2024-04-12;2;5;7;8;9;10;11;12;15;16;17;18;21;22;23
3078;2024-04-13;2;6;7;8;9;10;11;13;14;15;19;20;21;22;23
3079;2024-04-15;1;2;4;5;6;7;8;10;12;13;14;16;18;24;25
3080;2024-04-16;1;3;4;5;6;7;9;10;11;13;15;17;18;20;25
3081;2024-04-17;1;2;4;5;6;10;13;15;17;18;19;21;23;24;25
3082;2024-04-18;1;3;4;5;6;7;9;10;12;13;17;18;19;21;24
3083;2024-04-19;2;4;5;7;8;9;10;11;12;15;18;19;20;21;23
3084;2024-04-20;1;2;4;5;9;12;16;17;18;19;20;22;23;24;25
3085;2024-04-22;2;3;4;6;7;9;11;12;13;14;15;19;20;24;25
3086;2024-04-23;1;3;4;5;6;7;11;12;13;16;17;18;19;21;23
3087;2024-04-24;1;2;3;4;5;6;7;10;12;14;17;18;21;24;25
3088;2024-04-25;1;2;3;5;9;10;11;13;15;18;20;21;22;23;25
3089;2024-04-26;1;2;4;5;8;10;11;12;13;15;18;20;21;22;23
3090;2024-04-27;1;3;4;8;10;11;13;14;17;18;19;21;22;23;25
3091;2024-04-29;2;4;5;8;9;11;13;14;15;18;19;20;21;24;25
3092;2024-04-30;1;4;5;6;8;9;10;13;15;17;20;21;22;23;25
3093;2024-05-02;1;2;3;5;6;7;10;12;14;16;17;20;22;24;25
3094;2024-05-03;2;3;4;5;6;8;10;12;13;14;15;17;18;21;22
3095;2024-05-04;1;2;4;5;6;7;8;10;11;12;19;21;22;23;24
3096;2024-05-06;2;3;4;6;9;13;14;15;16;17;19;20;21;22;25
3097;2024-05-07;1;2;3;4;7;8;9;12;13;14;15;17;18;20;25
3098;2024-05-08;1;2;3;5;6;8;10;11;13;14;15;16;19;21;24
3099;2024-05-09;1;5;6;7;8;10;11;12;17;18;20;21;22;23;25
3100;2024-05-10;1;2;3;4;6;8;9;10;15;16;18;20;21;22;25
3101;2024-05-11;3;8;9;10;11;12;15;17;18;19;20;21;23;24;25
3102;2024-05-13;1;8;10;11;12;13;14;15;16;18;19;20;21;24;25
3103;2024-05-14;2;5;6;7;8;11;12;13;15;16;17;22;23;24;25
3104;2024-05-15;1;2;3;4;5;6;8;9;10;13;15;17;19;24;25
3105;2024-05-16;2;4;5;6;8;10;12;14;15;16;17;22;23;24;25
3106;2024-05-17;2;3;4;7;10;12;13;14;15;17;19;20;21;22;25
3107;2024-05-18;1;2;3;4;5;7;9;10;12;13;16;17;19;23;25
3108;2024-05-20;2;3;4;6;7;11;12;13;14;15;18;20;22;23;25
3109;2024-05-21;1;3;5;8;9;10;12;15;16;17;18;19;20;21;23
3110;2024-05-22;1;3;4;6;9;12;13;14;15;16;18;20;23;24;25
3111;2024-05-23;2;3;4;5;7;9;10;12;13;15;16;18;19;22;23
3112;2024-05-24;1;2;3;5;7;8;9;11;12;15;16;18;19;20;22
3113;2024-05-25;1;3;5;6;8;9;11;14;16;18;21;22;23;24;25
3114;2024-05-27;2;3;4;5;6;7;8;10;12;13;14;16;21;23;25
3115;2024-05-28;1;3;4;6;9;11;12;13;15;16;18;20;22;24;25
3116;2024-05-29;2;3;4;5;7;9;12;14;15;16;19;21;22;23;24
3117;2024-05-31;1;2;4;7;9;11;12;15;16;17;18;19;21;22;23
3118;2024-06-01;1;6;7;10;11;12;14;15;18;19;21;22;23;24;25
3119;2024-06-03;2;4;7;8;9;10;12;14;16;19;21;22;23;24;25
3120;2024-06-04;1;3;4;5;7;8;10;11;13;15;16;17;18;19;21
3121;2024-06-05;1;2;3;4;6;7;8;11;14;17;19;22;23;24;25
3122;2024-06-06;1;2;3;4;7;12;13;15;17;18;19;21;22;23;25
3123;2024-06-07;1;3;5;8;9;13;14;15;16;17;21;22;23;24;25
3124;2024-06-08;1;3;5;9;12;13;14;15;16;17;19;20;21;22;25
3125;2024-06-10;3;5;6;9;10;12;13;14;16;17;18;19;20;21;24
3126;2024-06-11;1;4;5;6;7;9;10;13;14;16;19;21;23;24;25
3127;2024-06-12;2;3;4;7;12;14;15;16;18;20;21;22;23;24;25
3128;2024-06-13;1;2;5;8;9;10;11;13;14;16;17;18;20;21;24
3129;2024-06-14;1;2;4;6;7;8;14;15;16;17;18;19;22;23;25
3130;2024-06-15;1;2;5;8;9;10;12;13;14;15;16;20;21;22;24
3131;2024-06-17;2;3;4;5;6;7;8;9;12;14;17;22;23;24;25
3132;2024-06-18;2;3;4;5;7;10;11;13;14;15;16;22;23;24;25
3133;2024-06-19;2;5;6;9;10;11;12;14;15;17;19;20;22;24;25
3134;2024-06-20;1;3;6;7;8;9;12;13;14;15;18;19;20;21;25
3135;2024-06-21;1;2;3;5;9;10;11;13;17;20;21;22;23;24;25
3136;2024-06-22;2;4;6;8;10;12;13;14;15;17;18;19;20;22;23
3137;2024-06-24;1;4;6;7;8;9;12;13;15;18;20;21;23;24;25
3138;2024-06-25;1;2;3;4;6;7;17;18;19;20;21;22;23;24;25
3139;2024-06-26;1;3;4;6;7;8;9;11;13;15;17;18;20;21;25
3140;2024-06-27;1;2;3;6;7;8;10;11;14;15;17;19;22;23;25
3141;2024-06-28;2;3;7;8;10;11;13;14;15;17;19;20;22;23;24
3142;2024-06-29;1;3;4;6;7;9;10;13;14;15;16;17;18;20;22
3143;2024-07-01;2;5;6;9;12;13;14;15;17;18;19;20;21;23;25
3144;2024-07-02;1;3;4;6;7;8;10;12;13;14;15;16;18;22;24
3145;2024-07-03;1;2;4;7;9;12;13;14;16;17;18;19;20;23;25
3146;2024-07-04;2;3;5;8;9;11;13;14;15;17;18;19;20;22;23
3147;2024-07-05;2;4;5;6;7;8;10;11;13;14;15;16;17;18;24
3148;2024-07-06;1;2;5;7;8;9;10;12;16;19;21;22;23;24;25
3149;2024-07-08;1;3;5;6;8;9;11;12;14;15;17;19;20;21;23
3150;2024-07-09;1;2;5;6;9;11;12;13;14;15;16;17;20;24;25
3151;2024-07-10;2;3;5;6;7;8;10;12;14;15;16;18;22;23;25
3152;2024-07-11;1;2;5;6;7;8;9;10;14;15;19;21;22;23;25
3153;2024-07-12;1;2;3;5;7;8;10;13;15;18;21;22;23;24;25
3154;2024-07-13;1;2;3;4;8;9;12;14;15;16;18;20;23;24;25
3155;2024-07-15;1;4;5;6;7;8;10;11;13;15;16;18;19;20;21
3156;2024-07-16;1;5;6;8;9;10;12;14;16;17;18;19;20;21;22
3157;2024-07-17;1;2;4;5;7;8;9;10;11;13;14;17;18;20;21
3158;2024-07-18;1;2;4;9;10;11;12;14;15;17;19;22;23;24;25
3159;2024-07-19;1;2;3;4;5;6;7;8;10;12;16;20;21;22;23
3160;2024-07-20;1;3;5;6;7;9;11;12;14;15;17;20;22;23;24
3161;2024-07-22;1;2;4;5;6;8;10;12;15;16;20;21;23;24;25
3162;2024-07-23;1;2;3;6;8;10;12;14;16;17;18;20;22;24;25
3163;2024-07-24;5;6;7;9;10;13;15;17;18;19;21;22;23;24;25
3164;2024-07-25;1;2;3;4;6;7;8;9;10;12;14;15;17;20;22
3165;2024-07-26;2;3;4;5;7;8;9;10;11;12;13;15;17;21;24
3166;2024-07-27;3;5;6;7;11;12;13;14;16;17;18;20;22;23;24
3167;2024-07-29;1;2;3;5;6;7;8;12;13;14;17;18;19;23;25
3168;2024-07-30;1;2;3;8;9;10;12;14;15;16;18;19;20;23;24
3169;2024-07-31;3;4;6;7;10;11;13;14;15;16;19;21;22;23;24
3170;2024-08-01;1;2;5;6;8;9;10;12;14;15;16;17;21;22;25
3171;2024-08-02;1;6;7;8;12;13;14;15;17;18;19;20;21;22;23
3172;2024-08-03;2;4;5;6;8;9;11;12;13;14;15;17;19;23;25
3173;2024-08-05;1;2;3;5;6;8;9;10;12;14;15;16;21;22;24
3174;2024-08-06;1;2;3;4;5;7;10;12;14;16;20;21;22;24;25
3175;2024-08-07;1;2;3;5;6;7;8;9;10;11;13;17;22;23;24
3176;2024-08-08;1;2;3;6;7;8;11;12;14;15;17;21;22;24;25
3177;2024-08-09;1;3;5;6;7;8;10;14;15;18;19;20;21;23;24
3178;2024-08-10;1;3;4;5;6;7;9;10;14;16;19;20;23;24;25
3179;2024-08-12;3;4;5;7;8;11;12;16;17;18;21;22;23;24;25
3180;2024-08-13;2;4;5;6;8;10;12;13;15;16;17;18;19;20;21
3181;2024-08-14;3;6;7;8;10;11;13;16;18;19;20;21;22;23;24
3182;2024-08-15;1;2;4;5;6;7;9;10;12;15;18;19;21;22;23
3183;2024-08-16;1;4;5;7;8;10;11;13;15;16;17;18;22;24;25
3184;2024-08-17;1;4;5;7;8;12;14;17;18;19;21;22;23;24;25
3185;2024-08-19;1;2;5;6;7;11;12;14;15;17;18;19;20;24;25
3186;2024-08-20;1;5;8;10;11;12;13;15;17;18;19;20;21;23;25
3187;2024-08-21;1;7;11;12;13;14;16;17;19;20;21;22;23;24;25
3188;2024-08-22;2;3;4;6;9;10;12;13;15;16;17;18;20;23;25
3189;2024-08-23;2;4;7;9;11;12;13;15;18;19;20;21;23;24;25
3190;2024-09-09;3;4;5;6;10;12;13;15;16;18;19;21;22;23;25
3191;2024-09-10;1;3;4;5;6;10;11;14;15;17;19;22;23;24;25
3192;2024-09-11;1;2;3;4;5;6;8;9;12;13;18;20;21;24;25
3193;2024-09-12;2;4;6;7;9;10;11;12;13;18;20;22;23;24;25
3194;2024-09-13;1;2;4;6;8;9;12;13;15;17;18;20;21;24;25
3195;2024-09-14;1;2;3;4;5;9;11;13;18;19;20;21;23;24;25
3196;2024-09-16;1;2;3;4;5;7;9;12;13;17;19;20;21;22;25
3197;2024-09-17;3;4;6;9;11;12;13;15;16;18;19;20;22;24;25
3198;2024-09-18;2;3;5;6;7;8;9;10;12;14;16;20;22;24;25
3199;2024-09-19;1;2;4;8;10;11;13;14;15;20;21;22;23;24;25
3200;2024-09-20;1;2;4;5;6;8;10;12;14;16;17;19;22;23;25
3201;2024-09-21;2;4;5;6;8;10;11;13;19;20;21;22;23;24;25
3202;2024-09-23;3;4;6;8;10;11;12;14;15;17;18;19;22;23;25
3203;2024-09-24;2;3;4;5;10;11;12;15;17;18;19;20;22;24;25
3204;2024-09-25;2;3;5;6;11;12;13;16;17;18;19;20;21;22;23
3205;2024-09-26;1;3;4;7;8;10;12;13;16;17;19;21;23;24;25
3206;2024-09-27;4;5;7;9;10;13;14;15;16;19;20;21;23;24;25
3207;2024-09-28;1;2;3;4;6;8;9;11;12;13;15;17;18;20;23
3208;2024-09-30;1;6;8;9;10;12;13;14;15;16;18;19;20;22;25
3209;2024-10-01;1;2;3;4;7;9;10;11;14;15;16;17;19;20;24
3210;2024-10-02;1;3;4;7;9;10;12;16;17;18;19;20;21;24;25
3211;2024-10-03;1;2;3;5;12;13;15;16;17;18;19;21;22;23;25
3212;2024-10-04;1;4;6;7;10;12;14;15;16;18;19;21;22;23;25
3213;2024-10-05;1;2;4;7;8;9;10;11;13;16;19;20;21;22;25
3214;2024-10-07;2;3;5;7;8;10;11;13;15;18;19;22;23;24;25
3215;2024-10-08;4;5;6;7;8;10;11;13;14;15;16;17;20;22;24
3216;2024-10-09;1;3;4;6;8;9;10;11;12;13;15;16;19;20;25
3217;2024-10-10;2;3;4;5;6;8;9;10;11;16;18;21;22;24;25
3218;2024-10-11;2;3;4;5;6;8;13;15;16;17;20;21;23;24;25
3219;2024-10-14;1;8;9;10;12;13;14;16;18;19;20;22;23;24;25
3220;2024-10-15;1;3;4;6;7;9;10;11;13;15;17;18;19;20;22
3221;2024-10-16;1;2;4;5;6;8;10;11;13;15;16;20;21;23;24
3222;2024-10-17;1;2;6;7;8;9;12;15;16;18;19;20;21;23;24
3223;2024-10-18;1;3;6;7;8;9;12;13;16;18;19;20;22;23;25
3224;2024-10-19;1;2;3;5;6;8;10;14;16;17;18;20;22;23;25
3225;2024-10-21;1;2;3;4;8;11;12;15;16;17;18;20;21;22;25
3226;2024-10-22;1;2;3;4;6;8;9;11;12;14;15;18;19;20;22
3227;2024-10-23;1;4;5;6;7;8;9;12;13;14;15;17;19;20;21
3228;2024-10-24;4;5;6;7;8;9;10;11;12;16;19;20;21;23;25
3229;2024-10-25;1;4;7;8;10;11;12;13;14;17;19;20;22;23;25
3230;2024-10-26;1;3;4;5;6;9;10;11;12;13;16;19;20;21;22
3231;2024-10-28;1;2;3;4;5;6;9;16;18;19;20;22;23;24;25
3232;2024-10-29;1;4;5;6;7;9;10;12;13;14;16;17;20;22;25
3233;2024-10-30;2;3;4;5;6;7;11;14;15;16;19;20;21;23;24
3234;2024-10-31;5;6;9;10;11;12;14;16;17;18;19;21;22;23;24
3235;2024-11-01;2;3;6;7;10;11;12;15;16;17;19;20;21;22;24
3236;2024-11-04;1;9;10;11;12;13;15;16;17;18;20;22;23;24;25
3237;2024-11-05;1;2;5;6;7;9;10;11;13;16;18;20;21;23;24
3238;2024-11-06;1;4;5;9;10;11;13;14;16;17;18;20;21;22;24
3239;2024-11-07;2;3;4;7;8;9;10;11;14;15;16;17;18;22;24
3240;2024-11-08;2;3;5;8;9;11;12;13;14;15;17;18;20;22;23
3241;2024-11-09;2;4;5;7;8;10;12;13;14;16;18;22;23;24;25
3242;2024-11-11;1;2;3;5;7;10;12;15;16;17;18;20;21;23;25
3243;2024-11-12;1;5;7;8;9;10;11;12;14;17;20;22;23;24;25
3244;2024-11-13;1;2;3;4;6;7;9;10;12;14;15;16;17;19;25
3245;2024-11-14;1;3;4;5;6;9;13;15;18;19;20;21;23;24;25
3246;2024-11-16;4;6;7;8;10;14;15;16;19;20;21;22;23;24;25
3247;2024-11-18;2;6;8;10;11;12;14;15;16;18;19;21;22;23;25
3248;2024-11-19;1;3;4;5;6;8;10;11;12;14;16;18;19;20;25
3249;2024-11-21;1;3;5;6;7;8;10;11;12;13;14;16;20;21;22
3250;2024-11-22;1;2;3;4;7;8;9;10;11;12;13;14;19;22;23
3251;2024-11-23;1;2;3;6;7;8;9;10;16;17;18;19;20;21;23
3252;2024-11-25;5;8;10;11;12;14;15;16;17;18;20;21;23;24;25
3253;2024-11-26;1;3;9;11;12;13;15;17;18;19;20;21;23;24;25
3254;2024-11-27;3;4;5;6;7;8;10;11;16;17;18;19;21;22;24
3255;2024-11-28;1;2;5;6;7;8;9;10;12;16;19;20;21;24;25
3256;2024-11-29;1;2;3;6;9;10;11;13;14;15;16;18;19;21;24
3257;2024-11-30;1;2;3;5;6;8;9;10;11;13;14;16;19;22;25
3258;2024-12-02;2;3;4;5;7;9;10;11;12;13;19;20;21;23;25
3259;2024-12-03;1;3;4;6;8;9;10;11;12;14;15;18;22;23;25
3260;2024-12-04;1;2;4;6;11;14;15;16;17;18;21;22;23;24;25
3261;2024-12-05;3;4;5;6;7;8;10;11;12;14;15;16;21;24;25
3262;2024-12-06;1;3;6;7;8;9;10;12;13;14;15;18;19;20;24
3263;2024-12-07;2;4;6;8;11;13;14;15;16;17;19;20;21;22;24
3264;2024-12-09;3;4;5;6;7;9;10;11;13;14;16;20;21;23;25
3265;2024-12-10;2;3;5;6;7;8;10;13;15;16;17;19;20;23;24
3266;2024-12-11;1;3;4;5;6;9;10;11;12;13;14;16;17;20;23
3267;2024-12-12;1;3;4;5;8;10;11;13;15;18;19;20;22;23;24
3268;2024-12-13;1;2;6;7;10;11;12;14;16;17;18;20;23;24;25
3269;2024-12-14;2;4;5;7;8;10;11;12;14;16;18;19;21;23;24
3270;2024-12-16;1;2;3;5;6;9;10;12;14;16;17;18;19;22;25
3271;2024-12-17;1;4;5;7;8;9;10;11;13;15;16;18;21;23;25
3272;2024-12-18;1;2;3;6;7;8;10;13;14;15;16;18;22;23;25
3273;2024-12-19;2;4;6;7;8;10;12;15;16;17;21;22;23;24;25
3274;2024-12-20;1;2;3;4;5;7;8;11;14;16;19;20;23;24;25
3275;2024-12-21;3;4;5;6;9;10;11;13;14;15;19;20;22;23;24
3276;2024-12-23;2;4;5;7;8;9;10;13;14;15;16;19;20;22;24
3277;2024-12-24;1;3;7;8;9;10;11;13;15;16;18;20;21;24;25
3278;2024-12-26;5;6;7;8;11;12;13;17;18;19;20;21;22;24;25
3279;2024-12-27;2;4;5;7;9;10;14;17;18;19;21;22;23;24;25
3280;2024-12-28;2;4;5;8;10;11;12;14;15;17;18;20;22;24;25
3281;2024-12-30;3;5;6;8;9;11;12;13;14;16;17;21;22;23;24
3282;2024-12-31;6;7;8;9;10;11;12;16;17;18;19;21;22;24;25
3283;2025-01-02;9;10;11;13;14;15;16;17;18;19;21;22;23;24;25
3284;2025-01-03;3;4;5;6;8;14;16;17;18;19;20;21;22;24;25
3285;2025-01-04;1;3;4;6;7;9;10;11;13;14;15;17;20;23;24
3286;2025-01-06;1;4;5;6;7;8;11;13;14;18;20;21;23;24;25
3287;2025-01-07;1;2;3;4;6;11;12;13;14;15;16;20;22;23;25
3288;2025-01-08;1;2;3;4;6;8;9;10;11;12;13;14;18;22;24
3289;2025-01-09;1;2;4;5;7;9;11;13;14;16;19;20;21;22;24
3290;2025-01-10;1;4;7;8;11;12;13;14;15;17;18;19;21;24;25
3291;2025-01-11;1;3;4;5;6;7;10;12;14;15;16;17;18;20;23
3292;2025-01-13;1;3;5;6;8;9;10;12;13;17;18;19;21;24;25
3293;2025-01-14;2;3;7;9;10;11;12;15;16;18;19;20;22;24;25
3294;2025-01-15;1;2;6;9;10;12;13;16;17;18;19;20;22;24;25
3295;2025-01-16;1;2;3;5;7;8;10;11;13;16;17;20;21;22;25
3296;2025-01-17;1;2;5;6;8;10;11;13;15;17;18;19;20;21;22
3297;2025-01-18;5;6;7;9;10;12;13;15;17;20;21;22;23;24;25
3298;2025-01-20;1;3;4;6;7;10;11;15;17;18;19;20;21;22;24
3299;2025-01-21;1;2;3;6;7;9;10;13;14;15;17;20;22;24;25
3300;2025-01-22;2;3;4;5;8;11;12;14;15;16;18;21;22;24;25
3301;2025-01-23;3;4;5;7;8;10;11;14;15;18;19;20;22;24;25
3302;2025-01-24;1;2;3;5;6;8;9;10;11;12;13;15;19;24;25
3303;2025-01-25;2;3;4;5;6;7;8;13;16;18;20;21;22;23;24
3304;2025-01-27;1;3;4;5;7;9;10;11;12;14;15;19;20;21;23
3305;2025-01-28;3;4;5;7;8;9;12;13;17;19;20;21;23;24;25
3306;2025-01-29;4;5;6;8;9;10;11;14;15;17;18;19;21;22;24
3307;2025-01-30;1;5;8;9;10;11;12;16;18;19;21;22;23;24;25
3308;2025-01-31;1;6;7;8;10;11;12;13;14;15;16;18;23;24;25
3309;2025-02-01;2;3;5;9;10;11;13;14;15;18;19;21;22;23;25
3310;2025-02-03;1;2;4;5;6;7;10;12;13;16;18;19;20;21;24
3311;2025-02-04;2;3;4;5;6;9;10;11;12;14;17;19;20;22;24
3312;2025-02-05;1;2;3;4;5;6;8;9;13;15;16;17;20;21;25
3313;2025-02-06;1;4;5;6;7;9;11;13;14;16;17;18;19;20;24
3314;2025-02-07;1;2;3;5;6;7;8;10;13;14;15;17;19;22;25
3315;2025-02-08;2;3;4;6;7;8;9;11;12;14;17;18;21;24;25
3316;2025-02-10;2;3;7;10;11;14;15;16;17;18;20;21;22;23;25
3317;2025-02-11;1;2;3;4;5;6;11;12;13;14;18;20;21;22;25
3318;2025-02-12;1;3;6;9;10;11;12;13;14;15;19;20;22;24;25
3319;2025-02-13;1;4;5;6;7;14;15;16;17;19;20;21;22;23;25
3320;2025-02-14;2;3;4;5;6;8;9;12;15;17;18;19;22;24;25
3321;2025-02-15;2;4;7;8;10;11;12;15;16;17;18;20;22;24;25
3322;2025-02-17;2;3;6;7;8;9;10;11;13;14;15;16;17;22;23
3323;2025-02-18;3;4;5;6;8;9;11;14;16;19;20;21;22;23;24
3324;2025-02-19;2;3;4;6;7;10;11;12;13;14;15;16;20;22;24
3325;2025-02-20;1;3;4;6;7;10;12;14;17;18;20;22;23;24;25
3326;2025-02-21;1;2;3;6;10;11;12;13;15;16;19;20;21;22;23
3327;2025-02-22;2;9;10;11;13;14;15;16;17;19;20;21;22;23;24
3328;2025-02-24;1;2;4;5;6;7;10;13;14;15;17;19;21;22;23
3329;2025-02-25;1;3;4;5;8;11;12;13;15;16;19;22;23;24;25
3330;2025-02-26;1;2;7;9;10;12;13;14;15;18;21;22;23;24;25
3331;2025-02-27;3;5;6;7;8;9;10;11;12;15;17;18;21;23;25
3332;2025-02-28;1;4;5;6;7;8;9;11;15;16;17;18;19;20;21
3333;2025-03-01;1;3;4;5;8;9;11;13;15;19;20;21;22;24;25
3334;2025-03-05;2;3;4;6;8;11;14;15;16;17;19;20;22;23;25
3335;2025-03-06;1;2;3;5;7;8;9;11;12;15;17;18;19;20;25
3336;2025-03-07;1;5;6;7;11;14;15;16;17;19;20;21;22;23;25
3337;2025-03-08;1;3;4;5;7;8;10;11;14;15;16;18;19;23;24
3338;2025-03-10;1;2;4;6;7;9;10;13;14;15;16;18;21;24;25
3339;2025-03-11;3;4;5;9;10;11;12;13;14;16;17;19;21;24;25
3340;2025-03-12;1;3;6;9;11;13;14;15;17;19;21;22;23;24;25
3341;2025-03-13;1;2;4;6;7;8;11;12;13;14;17;19;21;24;25
3342;2025-03-14;1;2;5;7;8;10;12;13;16;17;18;19;20;22;24
3343;2025-03-15;1;2;6;7;9;11;13;15;16;17;19;20;21;22;25
3344;2025-03-17;1;2;4;6;9;10;12;13;14;15;19;21;23;24;25
3345;2025-03-18;1;2;4;9;11;12;13;14;17;18;19;20;21;23;24
3346;2025-03-19;2;4;5;7;8;9;10;11;13;14;16;18;20;23;25
3347;2025-03-20;1;2;3;4;5;6;8;10;11;12;14;16;17;22;24
3348;2025-03-21;2;4;5;7;8;9;10;13;18;20;21;22;23;24;25
3349;2025-03-22;1;3;4;6;9;10;11;12;13;14;17;19;21;23;25
3350;2025-03-24;1;2;7;10;12;13;14;16;18;19;20;21;22;23;25
3351;2025-03-25;1;4;5;8;9;11;13;14;15;16;17;18;19;22;24
3352;2025-03-26;1;2;3;10;11;13;14;15;16;18;19;21;22;23;25
3353;2025-03-27;1;3;5;7;8;12;13;14;16;17;18;20;23;24;25
3354;2025-03-28;1;2;3;5;7;8;9;13;14;15;16;18;20;24;25
3355;2025-03-29;1;2;3;5;8;9;11;12;13;14;18;19;20;22;25
3356;2025-03-31;4;6;7;8;11;14;15;16;17;18;19;20;22;23;24
3357;2025-04-01;1;2;3;5;7;8;9;11;13;14;15;19;20;24;25
3358;2025-04-02;1;2;4;6;7;8;9;10;11;14;15;17;18;19;24
3359;2025-04-03;1;2;7;8;9;11;13;14;16;19;20;22;23;24;25
3360;2025-04-04;1;2;3;4;6;8;9;10;11;16;17;20;21;23;25
3361;2025-04-05;1;2;5;8;9;10;11;13;16;17;18;20;22;23;24
3362;2025-04-07;1;2;3;4;6;10;11;13;14;15;16;21;22;23;24
3363;2025-04-08;3;5;8;9;11;13;15;16;17;18;19;20;22;24;25
3364;2025-04-09;2;6;7;10;11;12;13;14;18;20;21;22;23;24;25
3365;2025-04-10;1;2;4;5;6;8;10;11;12;13;14;15;18;20;23
3366;2025-04-11;2;3;5;6;8;11;14;15;16;18;19;21;22;24;25
3367;2025-04-12;1;2;3;7;8;9;10;13;14;15;16;18;20;21;22
3368;2025-04-14;1;2;4;5;7;9;10;13;14;16;19;21;22;23;25
3369;2025-04-15;1;4;5;6;8;9;10;13;18;19;20;22;23;24;25
3370;2025-04-16;2;5;6;7;8;9;10;11;12;14;17;18;23;24;25
3371;2025-04-17;6;7;8;11;13;15;16;17;18;19;20;21;22;23;24
3372;2025-04-19;1;3;4;7;8;9;11;12;13;15;18;19;20;22;24
3373;2025-04-22;1;3;4;6;10;12;13;14;15;17;19;21;22;23;24
3374;2025-04-23;4;5;6;7;8;10;11;12;14;15;17;18;20;21;24
3375;2025-04-24;1;2;3;7;8;9;12;15;16;20;21;22;23;24;25
3376;2025-04-25;1;2;4;5;7;9;10;11;14;17;18;21;23;24;25
3377;2025-04-26;1;2;3;5;6;7;9;10;11;16;18;19;21;22;25
3378;2025-04-28;1;3;4;6;7;9;12;13;14;15;17;18;19;24;25
3379;2025-04-29;3;5;6;7;9;10;11;12;14;15;17;21;22;24;25
3380;2025-04-30;2;5;6;7;11;12;14;15;16;17;20;21;23;24;25
3381;2025-05-02;7;8;9;10;11;12;14;15;16;17;18;19;20;21;25
3382;2025-05-03;2;3;4;5;8;9;11;13;15;19;21;22;23;24;25
3383;2025-05-05;1;2;3;4;5;6;8;9;10;11;13;14;15;23;24
3384;2025-05-06;2;3;4;8;9;10;11;12;14;15;17;21;22;23;25
3385;2025-05-07;1;2;3;6;7;8;11;13;14;17;18;20;23;24;25
3386;2025-05-08;1;2;3;4;5;8;11;13;15;16;19;20;21;22;23
3387;2025-05-09;1;3;4;6;8;9;10;12;13;14;15;17;22;23;25
3388;2025-05-10;2;3;4;5;6;8;12;14;16;17;18;19;21;22;25
3389;2025-05-12;1;6;7;8;9;10;12;15;17;18;20;21;22;23;24
3390;2025-05-13;1;2;3;4;6;8;12;13;15;16;19;20;21;22;24
3391;2025-05-14;1;4;6;7;10;11;12;14;15;16;17;20;21;23;25
3392;2025-05-15;1;2;3;6;7;8;9;11;13;14;17;18;19;22;24
3393;2025-05-16;1;2;7;8;10;11;12;14;15;17;18;19;23;24;25
3394;2025-05-17;1;2;3;4;5;6;7;9;10;11;16;17;18;19;22
3395;2025-05-19;2;4;5;6;7;8;10;12;16;17;19;20;22;23;24
3396;2025-05-20;1;2;3;4;5;6;7;10;11;12;15;16;17;19;22
3397;2025-05-21;1;3;4;6;7;9;10;11;12;13;17;18;20;22;23
3398;2025-05-22;1;2;3;4;5;7;9;10;12;14;16;17;18;19;24
3399;2025-05-23;1;3;5;6;8;10;13;14;15;16;17;21;23;24;25
3400;2025-05-24;1;3;4;5;7;8;9;11;13;14;16;19;22;23;24
3401;2025-05-26;2;3;4;5;6;8;9;12;15;16;17;18;20;21;25
3402;2025-05-27;1;2;4;7;9;10;11;13;14;15;18;19;20;24;25
3403;2025-05-28;1;2;4;7;8;9;11;12;13;15;18;19;21;22;25
3404;2025-05-29;2;3;4;5;7;8;11;12;13;16;17;19;21;22;25
3405;2025-05-30;2;6;7;11;12;13;14;15;16;17;18;20;22;23;25
3406;2025-05-31;1;3;5;6;7;9;10;13;14;17;19;21;22;23;25
3407;2025-06-02;3;6;7;8;9;11;12;13;14;15;16;17;19;20;25
3408;2025-06-03;2;3;6;7;9;10;11;13;14;15;18;19;20;24;25
3409;2025-06-04;1;2;4;5;6;9;10;11;12;13;14;16;21;22;23
3410;2025-06-05;1;4;5;7;8;9;10;11;12;13;14;16;18;23;24
3411;2025-06-06;1;2;5;6;10;13;14;15;16;18;20;22;23;24;25
3412;2025-06-07;3;4;6;7;11;12;13;14;16;17;19;21;22;23;24
3413;2025-06-09;1;2;3;4;9;11;12;13;16;18;19;20;22;23;25
3414;2025-06-10;1;2;4;5;6;10;12;13;14;16;18;21;22;24;25
3415;2025-06-11;1;2;4;6;7;10;11;13;14;15;16;17;18;21;25
3416;2025-06-12;2;3;4;5;7;10;11;12;13;14;17;19;20;21;24
3417;2025-06-13;3;4;6;7;8;9;10;11;12;13;15;17;22;24;25
3418;2025-06-14;2;3;4;5;6;7;8;10;12;13;16;20;21;23;24
3419;2025-06-16;1;2;3;4;6;7;9;10;12;13;15;17;19;20;25
3420;2025-06-17;3;5;6;7;11;14;15;16;17;18;19;21;22;23;25
3421;2025-06-18;1;2;3;6;9;12;14;15;16;17;20;21;22;23;24
3422;2025-06-20;1;2;3;4;5;6;7;11;14;16;17;21;22;23;24
3423;2025-06-21;1;2;3;4;8;11;12;14;15;17;18;19;20;22;23
3424;2025-06-23;3;6;8;11;13;16;17;18;19;20;21;22;23;24;25
3425;2025-06-24;4;5;6;7;8;9;10;11;13;15;16;17;21;24;25
3426;2025-06-25;1;4;5;6;8;10;11;12;13;15;16;17;18;20;21
3427;2025-06-26;1;2;6;7;9;10;11;15;17;18;19;20;21;22;24
3428;2025-06-27;3;5;7;11;12;13;14;15;16;19;20;22;23;24;25
3429;2025-06-28;1;2;3;5;7;8;9;14;15;16;17;19;20;21;24
3430;2025-06-30;2;5;7;9;10;12;16;17;18;20;21;22;23;24;25
3431;2025-07-01;2;3;4;6;7;9;11;12;14;16;17;18;19;21;24
3432;2025-07-02;4;9;11;12;13;14;15;16;17;18;19;20;21;23;24
3433;2025-07-03;1;2;3;6;9;11;12;13;16;17;18;19;21;23;24
3434;2025-07-04;2;4;5;7;8;10;13;15;16;18;19;20;21;23;24
3435;2025-07-05;1;3;6;10;11;12;13;14;16;18;21;22;23;24;25
3436;2025-07-07;1;2;3;6;8;11;13;14;15;16;17;20;22;23;25
3437;2025-07-08;1;5;6;8;9;11;12;14;15;17;19;20;22;24;25
3438;2025-07-09;2;4;8;9;10;11;12;13;15;16;17;18;19;23;24
3439;2025-07-10;2;3;4;5;6;7;9;10;11;12;14;15;16;22;23
3440;2025-07-11;1;3;4;6;7;8;9;12;13;15;16;17;18;21;25
3441;2025-07-12;1;2;3;4;5;11;14;16;18;20;21;22;23;24;25
3442;2025-07-14;1;3;5;6;7;9;10;13;15;16;18;19;21;23;25
3443;2025-07-15;1;4;5;6;8;10;11;12;13;15;16;19;20;24;25
3444;2025-07-16;2;3;6;7;9;11;12;13;16;17;19;21;22;24;25
3445;2025-07-17;1;2;4;5;6;9;11;12;14;18;19;20;21;22;25
3446;2025-07-18;3;4;5;7;9;10;12;13;16;19;21;22;23;24;25
3447;2025-07-19;2;3;6;7;11;12;13;14;17;18;19;20;21;22;23
3448;2025-07-21;1;3;5;7;9;10;11;12;14;16;17;20;21;23;25
3449;2025-07-22;1;4;7;8;11;13;15;16;18;20;21;22;23;24;25
3450;2025-07-23;1;2;4;5;6;7;11;12;13;14;15;18;23;24;25
3451;2025-07-24;1;2;6;7;8;9;14;15;17;18;20;21;22;24;25
3452;2025-07-25;1;4;5;8;9;11;12;13;15;16;18;19;20;21;25
3453;2025-07-26;2;3;4;5;7;9;10;11;12;13;19;21;23;24;25
3454;2025-07-28;2;3;4;7;9;10;11;13;14;15;17;18;20;22;24
3455;2025-07-29;1;2;3;5;6;9;10;13;15;17;19;21;22;23;25
3456;2025-07-30;1;2;3;5;6;7;11;12;13;15;16;19;22;23;25
3457;2025-07-31;1;2;4;6;9;10;11;12;16;17;18;20;22;23;25
3458;2025-08-01;2;3;4;5;7;8;9;10;11;14;16;18;20;23;25
3459;2025-08-02;1;3;5;6;7;12;14;15;17;18;19;20;22;23;25
3460;2025-08-04;1;2;3;4;6;8;11;12;16;17;18;19;22;23;25
3461;2025-08-05;2;3;4;5;6;8;9;10;11;13;18;19;21;23;25
3462;2025-08-06;1;2;9;10;13;14;15;16;17;18;19;20;22;24;25
3463;2025-08-07;1;2;4;6;7;8;11;14;15;16;17;18;19;21;22
3464;2025-08-08;1;3;4;6;11;13;14;15;16;17;18;20;21;22;25
3465;2025-08-09;1;4;5;6;9;10;11;12;14;15;17;18;21;22;24
3466;2025-08-11;1;5;6;7;9;10;12;15;17;18;19;21;23;24;25
3467;2025-08-12;3;4;5;6;7;8;9;13;14;16;18;19;20;21;25
3468;2025-08-13;1;3;4;6;9;10;12;13;14;18;19;21;23;24;25
3469;2025-08-14;1;3;5;6;7;8;11;12;13;15;17;18;21;22;24
3470;2025-08-15;1;4;5;7;8;10;12;13;14;18;20;21;22;23;24
3471;2025-08-16;1;2;3;5;6;11;13;16;17;19;21;22;23;24;25
3472;2025-08-18;2;3;5;7;10;11;12;13;15;18;19;21;23;24;25
3473;2025-08-19;2;3;4;5;6;7;9;12;13;14;17;18;19;23;25
3474;2025-08-20;1;4;6;8;9;10;12;13;14;15;18;19;20;21;25
3475;2025-08-21;1;3;4;5;6;11;14;15;18;20;21;22;23;24;25
3476;2025-08-22;3;5;6;7;8;10;12;15;16;17;19;20;23;24;25
3477;2025-08-23;2;3;5;6;8;12;15;16;17;18;20;21;23;24;25
3478;2025-08-25;1;4;5;6;7;8;9;10;12;14;15;17;21;22;24
3479;2025-08-26;1;5;6;8;9;10;12;13;15;16;18;19;23;24;25
3480;2025-09-06;3;5;6;8;9;12;13;14;15;16;17;20;21;22;23
3481;2025-09-08;1;2;3;4;5;7;9;10;13;14;19;21;22;23;24
3482;2025-09-09;1;2;4;5;9;10;13;14;15;17;19;20;22;24;25
3483;2025-09-10;2;4;7;8;9;12;13;14;15;17;18;20;22;24;25
3484;2025-09-11;1;3;4;5;7;8;9;11;13;14;15;17;23;24;25
3485;2025-09-12;2;3;4;5;6;9;10;11;12;13;15;18;20;22;25
3486;2025-09-13;2;6;7;8;9;10;11;12;16;17;18;19;22;24;25
3487;2025-09-15;2;4;5;7;10;12;13;15;16;17;18;19;21;22;23
3488;2025-09-16;1;3;4;5;6;8;9;11;12;13;14;15;17;22;25
3489;2025-09-17;1;2;5;8;9;11;14;16;17;20;21;22;23;24;25
3490;2025-09-18;2;3;4;7;8;11;13;14;15;16;18;19;21;23;25
3491;2025-09-19;1;2;4;8;9;10;12;13;15;17;21;22;23;24;25
3492;2025-09-20;2;3;4;8;9;10;13;17;18;19;20;21;22;23;25
3493;2025-09-22;2;3;4;5;6;10;11;13;15;16;19;20;21;23;24
3494;2025-09-23;1;4;9;10;11;12;14;15;16;17;19;21;22;24;25
3495;2025-09-24;2;3;6;8;9;11;12;15;16;18;19;20;22;23;25
3496;2025-09-25;1;4;5;8;9;11;13;14;15;16;17;18;20;23;24
3497;2025-09-26;1;2;3;4;6;10;11;12;13;14;15;18;19;21;25
3498;2025-09-27;1;2;3;4;5;7;8;9;15;16;17;19;21;22;24
3499;2025-09-29;1;5;7;9;10;11;12;13;14;17;18;19;23;24;25
3500;2025-09-30;1;2;4;5;6;7;9;10;11;12;14;16;18;19;21
3501;2025-10-01;1;3;7;9;11;12;13;15;16;18;19;20;21;22;24
3502;2025-10-02;4;5;6;7;8;9;14;15;16;17;18;19;20;21;25
3503;2025-10-03;1;4;6;7;8;10;11;12;14;15;16;18;21;24;25
3504;2025-10-04;1;2;4;6;7;9;10;12;15;16;17;21;22;23;25
3505;2025-10-06;1;2;3;4;6;7;8;9;11;14;16;20;21;23;25
3506;2025-10-07;3;4;5;6;8;11;12;13;16;17;18;22;23;24;25
3507;2025-10-08;2;3;4;7;9;10;11;12;17;18;19;21;22;24;25
3508;2025-10-09;1;3;4;5;6;8;11;13;14;16;17;20;21;22;24
3509;2025-10-10;1;3;4;7;9;10;12;14;15;16;19;21;22;24;25
3510;2025-10-11;1;2;3;4;5;6;7;8;13;14;15;17;21;22;23
3511;2025-10-13;2;3;5;6;7;8;9;12;13;14;15;19;20;23;24
3512;2025-10-14;1;2;3;4;5;6;9;12;13;14;15;17;19;20;22
3513;2025-10-15;3;4;5;6;7;11;13;14;15;16;18;20;22;23;24
3514;2025-10-16;1;3;4;5;6;8;10;12;13;16;17;20;21;23;24
3515;2025-10-17;1;2;3;4;5;6;7;9;14;15;16;17;21;23;24
3516;2025-10-18;2;3;6;11;12;13;14;15;17;18;19;20;21;23;25
3517;2025-10-20;1;2;3;7;8;11;12;14;17;18;19;20;21;22;24
3518;2025-10-21;2;5;6;7;11;12;13;14;16;17;19;21;22;24;25
3519;2025-10-22;4;5;6;7;8;13;14;16;17;18;20;21;22;23;25
3520;2025-10-23;1;3;7;8;10;12;13;15;16;18;19;20;21;22;23
3521;2025-10-24;6;7;8;9;10;11;12;13;14;15;19;20;21;22;23
3522;2025-10-25;1;2;4;5;7;8;10;11;12;14;15;17;20;22;24
3523;2025-10-27;5;6;8;9;10;11;12;14;15;16;17;19;23;24;25
3524;2025-10-28;2;3;4;5;7;9;12;13;14;15;16;17;18;22;24
3525;2025-10-29;1;2;3;7;10;11;14;15;16;17;18;20;21;23;24
3526;2025-10-30;1;3;7;8;10;12;14;15;17;18;19;20;21;22;23
3527;2025-10-31;2;3;4;6;7;9;13;14;15;16;17;19;20;23;24
3528;2025-11-01;1;3;5;6;7;9;10;16;18;19;20;22;23;24;25
3529;2025-11-03;1;7;8;10;11;12;14;15;16;17;18;19;20;22;24
3530;2025-11-04;1;2;3;5;7;11;12;13;15;16;20;22;23;24;25
3531;2025-11-05;1;3;4;5;7;8;10;11;12;14;15;16;18;19;22
3532;2025-11-06;2;3;4;5;6;7;8;10;11;12;14;15;17;23;25
3533;2025-11-07;1;3;5;6;8;11;12;13;14;15;19;20;22;23;25
3534;2025-11-08;1;3;7;9;11;12;13;14;15;16;17;19;20;21;22
3535;2025-11-10;2;3;6;7;8;9;11;13;18;19;20;21;22;24;25
3536;2025-11-11;1;3;4;6;7;8;9;10;11;15;16;17;18;22;24
3537;2025-11-12;1;2;3;4;7;9;10;12;15;19;20;21;22;24;25
3538;2025-11-13;2;3;5;8;9;10;13;14;17;19;20;21;22;24;25
3539;2025-11-14;1;2;7;8;9;11;12;13;14;16;18;19;20;23;24
3540;2025-11-17;1;2;3;5;6;9;10;13;14;15;16;18;22;23;25
3541;2025-11-18;1;2;3;4;6;8;13;14;16;17;18;19;21;23;25
3542;2025-11-19;1;2;5;8;11;12;13;15;18;19;21;22;23;24;25
3543;2025-11-21;1;4;5;6;7;8;9;14;15;16;17;20;21;22;25
3544;2025-11-22;1;4;5;6;8;10;11;12;15;17;20;21;22;23;25
3545;2025-11-24;1;4;5;6;7;8;11;12;14;17;19;20;21;22;25
3546;2025-11-25;2;3;5;7;8;11;12;13;18;19;20;22;23;24;25
3547;2025-11-26;2;5;6;7;9;10;14;15;17;18;19;20;21;24;25
3548;2025-11-27;4;8;9;10;11;12;13;15;16;17;19;21;23;24;25
3549;2025-11-28;2;5;7;8;9;11;12;14;17;20;21;22;23;24;25
3550;2025-11-29;1;4;6;7;8;12;13;15;16;18;19;20;22;23;24
3551;2025-12-01;1;2;3;7;8;10;11;12;15;16;17;19;21;22;25
3552;2025-12-02;4;5;6;7;11;12;14;15;16;17;18;20;21;23;25
3553;2025-12-03;1;2;3;7;8;9;12;13;16;17;19;21;22;23;24
3554;2025-12-04;1;3;4;5;8;9;11;12;14;15;16;18;22;23;25
3555;2025-12-05;1;2;3;4;7;8;10;13;14;15;18;19;20;23;24
3556;2025-12-06;1;2;3;4;5;7;9;10;12;14;16;17;19;21;23
3557;2025-12-08;5;6;7;9;10;13;14;15;16;17;19;20;21;22;24
3558;2025-12-09;2;3;4;7;9;12;13;14;15;18;20;22;23;24;25
3559;2025-12-10;1;2;6;8;9;10;11;13;14;15;16;19;20;24;25
3560;2025-12-11;1;3;4;6;7;8;10;11;12;13;17;18;19;23;24
3561;2025-12-12;1;2;4;5;6;7;8;10;15;16;17;18;20;21;25
3562;2025-12-13;3;5;6;7;9;10;11;12;13;14;15;19;22;23;25
3563;2025-12-15;1;3;4;9;10;11;12;13;15;17;19;20;21;23;25
3564;2025-12-16;5;6;7;8;9;11;12;13;14;19;20;21;23;24;25
3565;2025-12-17;1;4;10;11;13;16;17;18;19;20;21;22;23;24;25
3566;2025-12-18;1;2;4;7;8;12;13;14;15;17;20;21;22;23;24
3567;2025-12-19;1;2;4;8;9;10;11;12;14;15;18;19;20;24;25
3568;2025-12-20;1;2;4;5;6;7;8;10;11;13;18;19;20;22;24
3569;2025-12-22;1;2;3;4;5;6;8;10;14;15;17;18;19;20;24
3570;2025-12-23;1;2;3;5;6;10;11;13;15;18;19;20;21;22;24
3571;2025-12-24;2;3;4;5;6;8;11;12;13;14;17;20;22;24;25
3572;2025-12-26;1;2;4;5;7;10;12;14;15;16;17;18;19;22;24
3573;2025-12-27;1;2;7;8;10;11;12;14;15;16;17;20;22;23;25
3574;2025-12-29;1;3;4;5;6;8;12;13;15;16;17;18;20;21;25
3575;2025-12-30;2;4;5;7;8;9;10;12;13;14;15;17;21;22;25
3576;2026-01-01;1;2;3;5;7;8;10;13;16;18;19;21;22;23;25
3577;2026-01-02;1;2;4;5;6;8;9;10;12;16;18;20;23;24;25
3578;2026-01-03;2;3;4;5;6;7;9;10;14;17;19;20;22;23;24
3579;2026-01-05;1;2;3;4;8;10;11;13;15;17;19;20;21;23;25
3580;2026-01-06;1;4;5;6;8;9;12;13;15;16;19;20;21;23;25
3581;2026-01-07;2;3;4;5;6;7;8;10;12;15;16;17;20;22;24
3582;2026-01-08;2;5;6;7;8;9;10;11;12;13;16;18;23;24;25
3583;2026-01-09;2;3;4;6;9;10;12;13;14;15;21;22;23;24;25
3584;2026-01-10;1;2;4;7;8;9;13;15;16;17;18;20;21;23;25
3585;2026-01-12;1;2;4;8;9;10;13;16;17;19;20;21;22;23;25
3586;2026-01-13;1;2;6;10;11;12;13;14;15;17;18;21;22;24;25
3587;2026-01-14;1;2;4;8;9;10;11;12;13;16;17;18;19;20;22
3588;2026-01-15;3;5;7;8;9;11;14;15;16;17;19;21;22;23;24
3589;2026-01-16;1;2;3;4;8;10;11;12;15;18;19;21;22;24;25
3590;2026-01-17;4;6;8;10;11;12;13;15;16;17;19;20;21;22;23
3591;2026-01-19;1;2;3;4;6;7;10;11;13;14;15;17;18;19;20
3592;2026-01-20;1;4;5;6;7;9;12;13;17;18;20;21;22;23;25
3593;2026-01-21;1;3;4;6;7;8;9;10;12;15;18;19;23;24;25
3594;2026-01-22;1;2;4;5;7;8;9;11;14;15;18;20;21;23;24
3595;2026-01-23;1;2;4;5;6;8;10;12;13;15;16;20;21;22;25
3596;2026-01-24;1;2;3;4;5;6;7;8;14;15;16;18;20;21;22
3597;2026-01-26;1;4;5;7;10;11;13;14;15;16;19;20;21;23;25
3598;2026-01-27;1;3;4;5;6;7;8;9;11;16;18;21;22;23;24
3599;2026-01-28;1;4;6;7;8;9;11;12;13;16;19;20;21;23;24
3600;2026-01-29;3;4;5;6;7;8;9;11;12;16;17;20;21;22;25
3601;2026-01-30;2;3;4;6;7;8;9;11;16;17;20;21;23;24;25
3602;2026-01-31;1;2;3;4;5;6;8;9;15;18;19;20;22;23;24
3603;2026-02-02;2;4;5;9;10;11;12;14;15;17;19;20;21;22;24
3604;2026-02-03;1;2;3;6;7;8;11;13;15;16;19;21;22;23;24
3605;2026-02-04;1;3;4;7;10;12;13;14;19;20;21;22;23;24;25
